id,parent_id/id,code_prefix,name,cuenta_sat,cuenta_tipo
cod_sat_156,cod_sat_09,100.01,Activo a corto plazo,100.01,Deudora
cod_sat_157,cod_sat_10,101.01,Caja y efectivo,101.01,Deudora
cod_sat_158,cod_sat_11,102.01,Bancos nacionales,102.01,Deudora
cod_sat_159,cod_sat_11,102.02,Bancos extranjeros,102.02,Deudora
cod_sat_160,cod_sat_12,103.01,Inversiones temporales,103.01,Deudora
cod_sat_161,cod_sat_12,103.02,Inversiones en fideicomisos,103.02,Deudora
cod_sat_162,cod_sat_12,103.03,Otras inversiones,103.03,Deudora
cod_sat_163,cod_sat_13,104.01,Otros instrumentos financieros,104.01,Deudora
cod_sat_164,cod_sat_14,105.01,Clientes nacionales,105.01,Deudora
cod_sat_165,cod_sat_14,105.02,Clientes extranjeros,105.02,Deudora
cod_sat_166,cod_sat_14,105.03,Clientes nacionales parte relacionada,105.03,Deudora
cod_sat_167,cod_sat_14,105.04,Clientes extranjeros parte relacionada,105.04,Deudora
cod_sat_168,cod_sat_15,106.01,Cuentas y documentos por cobrar a corto plazo nacional,106.01,Deudora
cod_sat_169,cod_sat_15,106.02,Cuentas y documentos por cobrar a corto plazo extranjero,106.02,Deudora
cod_sat_170,cod_sat_15,106.03,Cuentas y documentos por cobrar a corto plazo nacional parte relacionada,106.03,Deudora
cod_sat_171,cod_sat_15,106.04,Cuentas y documentos por cobrar a corto plazo extranjero parte relacionada,106.04,Deudora
cod_sat_172,cod_sat_15,106.05,Intereses por cobrar a corto plazo nacional,106.05,Deudora
cod_sat_173,cod_sat_15,106.06,Intereses por cobrar a corto plazo extranjero,106.06,Deudora
cod_sat_174,cod_sat_15,106.07,Intereses por cobrar a corto plazo nacional parte relacionada,106.07,Deudora
cod_sat_175,cod_sat_15,106.08,Intereses por cobrar a corto plazo extranjero parte relacionada,106.08,Deudora
cod_sat_176,cod_sat_15,106.09,Otras cuentas y documentos por cobrar a corto plazo,106.09,Deudora
cod_sat_177,cod_sat_15,106.10,Otras cuentas y documentos por cobrar a corto plazo parte relacionada,106.1,Deudora
cod_sat_178,cod_sat_16,107.01,Funcionarios y empleados,107.01,Deudora
cod_sat_179,cod_sat_16,107.02,Socios y accionistas,107.02,Deudora
cod_sat_180,cod_sat_16,107.03,Partes relacionadas nacionales,107.03,Deudora
cod_sat_181,cod_sat_16,107.04,Partes relacionadas extranjeros,107.04,Deudora
cod_sat_182,cod_sat_16,107.05,Otros deudores diversos,107.05,Deudora
cod_sat_183,cod_sat_17,108.01,Estimación de cuentas incobrables nacional,108.01,Deudora
cod_sat_184,cod_sat_17,108.02,Estimación de cuentas incobrables extranjero,108.02,Deudora
cod_sat_185,cod_sat_17,108.03,Estimación de cuentas incobrables nacional parte relacionada,108.03,Deudora
cod_sat_186,cod_sat_17,108.04,Estimación de cuentas incobrables extranjero parte relacionada,108.04,Deudora
cod_sat_187,cod_sat_18,109.01,Seguros y fianzas pagados por anticipado nacional,109.01,Deudora
cod_sat_188,cod_sat_18,109.02,Seguros y fianzas pagados por anticipado extranjero,109.02,Deudora
cod_sat_189,cod_sat_18,109.03,Seguros y fianzas pagados por anticipado nacional parte relacionada,109.03,Deudora
cod_sat_190,cod_sat_18,109.04,Seguros y fianzas pagados por anticipado extranjero parte relacionada,109.04,Deudora
cod_sat_191,cod_sat_18,109.05,Rentas pagados por anticipado nacional,109.05,Deudora
cod_sat_192,cod_sat_18,109.06,Rentas pagados por anticipado extranjero,109.06,Deudora
cod_sat_193,cod_sat_18,109.07,Rentas pagados por anticipado nacional parte relacionada,109.07,Deudora
cod_sat_194,cod_sat_18,109.08,Rentas pagados por anticipado extranjero parte relacionada,109.08,Deudora
cod_sat_195,cod_sat_18,109.09,Intereses pagados por anticipado nacional,109.09,Deudora
cod_sat_196,cod_sat_18,109.10,Intereses pagados por anticipado extranjero,109.1,Deudora
cod_sat_197,cod_sat_18,109.11,Intereses pagados por anticipado nacional parte relacionada,109.11,Deudora
cod_sat_198,cod_sat_18,109.12,Intereses pagados por anticipado extranjero parte relacionada,109.12,Deudora
cod_sat_199,cod_sat_18,109.13,Factoraje financiero pagados por anticipado nacional,109.13,Deudora
cod_sat_200,cod_sat_18,109.14,Factoraje financiero pagados por anticipado extranjero,109.14,Deudora
cod_sat_201,cod_sat_18,109.15,Factoraje financiero pagados por anticipado nacional parte relacionada,109.15,Deudora
cod_sat_202,cod_sat_18,109.16,Factoraje financiero pagados por anticipado extranjero parte relacionada,109.16,Deudora
cod_sat_203,cod_sat_18,109.17,Arrendamiento financiero pagados por anticipado nacional,109.17,Deudora
cod_sat_204,cod_sat_18,109.18,Arrendamiento financiero pagados por anticipado extranjero,109.18,Deudora
cod_sat_205,cod_sat_18,109.19,Arrendamiento financiero pagados por anticipado nacional parte relacionada,109.19,Deudora
cod_sat_206,cod_sat_18,109.20,Arrendamiento financiero pagados por anticipado extranjero parte relacionada,109.2,Deudora
cod_sat_207,cod_sat_18,109.21,Pérdida por deterioro de pagos anticipados,109.21,Deudora
cod_sat_208,cod_sat_18,109.22,Derechos fiduciarios,109.22,Deudora
cod_sat_209,cod_sat_18,109.23,Otros pagos anticipados,109.23,Deudora
cod_sat_210,cod_sat_19,110.01,Subsidio al empleo por aplicar,110.01,Deudora
cod_sat_211,cod_sat_20,111.01,Crédito al diesel por acreditar,111.01,Deudora
cod_sat_212,cod_sat_21,112.01,Otros estímulos,112.01,Deudora
cod_sat_213,cod_sat_22,113.01,IVA a favor,113.01,Deudora
cod_sat_214,cod_sat_22,113.02,ISR a favor,113.02,Deudora
cod_sat_215,cod_sat_22,113.03,IETU a favor,113.03,Deudora
cod_sat_216,cod_sat_22,113.04,IDE a favor,113.04,Deudora
cod_sat_217,cod_sat_22,113.05,IA a favor,113.05,Deudora
cod_sat_218,cod_sat_22,113.06,Subsidio al empleo,113.06,Deudora
cod_sat_219,cod_sat_22,113.07,Pago de lo indebido,113.07,Deudora
cod_sat_220,cod_sat_22,113.08,Otros impuestos a favor,113.08,Deudora
cod_sat_221,cod_sat_23,114.01,Pagos provisionales de ISR,114.01,Deudora
cod_sat_222,cod_sat_24,115.01,Inventario,115.01,Deudora
cod_sat_223,cod_sat_24,115.02,Materia prima y materiales,115.02,Deudora
cod_sat_224,cod_sat_24,115.03,Producción en proceso,115.03,Deudora
cod_sat_225,cod_sat_24,115.04,Productos terminados,115.04,Deudora
cod_sat_226,cod_sat_24,115.05,Mercancías en tránsito,115.05,Deudora
cod_sat_227,cod_sat_24,115.06,Mercancías en poder de terceros,115.06,Deudora
cod_sat_228,cod_sat_24,115.07,Otros,115.07,Deudora
cod_sat_229,cod_sat_25,116.01,Estimación de inventarios obsoletos y de lento movimiento,116.01,Deudora
cod_sat_230,cod_sat_26,117.01,Obras en proceso de inmuebles,117.01,Deudora
cod_sat_231,cod_sat_27,118.01,IVA acreditable pagado,118.01,Deudora
cod_sat_232,cod_sat_27,118.02,IVA acreditable de importación pagado,118.02,Deudora
cod_sat_233,cod_sat_27,118.03,IEPS acreditable pagado,118.03,Deudora
cod_sat_234,cod_sat_27,118.04,IEPS pagado en importación,118.04,Deudora
cod_sat_235,cod_sat_28,119.01,IVA pendiente de pago,119.01,Deudora
cod_sat_236,cod_sat_28,119.02,IVA de importación pendiente de pago,119.02,Deudora
cod_sat_237,cod_sat_28,119.03,IEPS pendiente de pago,119.03,Deudora
cod_sat_238,cod_sat_28,119.04,IEPS pendiente de pago en importación,119.04,Deudora
cod_sat_239,cod_sat_29,120.01,Anticipo a proveedores nacional,120.01,Deudora
cod_sat_240,cod_sat_29,120.02,Anticipo a proveedores extranjero,120.02,Deudora
cod_sat_241,cod_sat_29,120.03,Anticipo a proveedores nacional parte relacionada,120.03,Deudora
cod_sat_242,cod_sat_29,120.04,Anticipo a proveedores extranjero parte relacionada,120.04,Deudora
cod_sat_243,cod_sat_30,121.01,Otros activos a corto plazo,121.01,Deudora
cod_sat_244,cod_sat_31,151.01,Terrenos,151.01,Deudora
cod_sat_245,cod_sat_32,152.01,Edificios,152.01,Deudora
cod_sat_246,cod_sat_33,153.01,Maquinaria y equipo,153.01,Deudora
cod_sat_247,cod_sat_34,154.01,"Automóviles, autobuses, camiones de carga, tractocamiones, montacargas y remolques",154.01,Deudora
cod_sat_248,cod_sat_35,155.01,Mobiliario y equipo de oficina,155.01,Deudora
cod_sat_249,cod_sat_36,156.01,Equipo de cómputo,156.01,Deudora
cod_sat_250,cod_sat_37,157.01,Equipo de comunicación,157.01,Deudora
cod_sat_251,cod_sat_38,158.01,"Activos biológicos, vegetales y semovientes",158.01,Deudora
cod_sat_252,cod_sat_39,159.01,Obras en proceso de activos fijos,159.01,Deudora
cod_sat_253,cod_sat_40,160.01,Otros activos fijos,160.01,Deudora
cod_sat_254,cod_sat_41,161.01,Ferrocarriles,161.01,Deudora
cod_sat_255,cod_sat_42,162.01,Embarcaciones,162.01,Deudora
cod_sat_256,cod_sat_43,163.01,Aviones,163.01,Deudora
cod_sat_257,cod_sat_44,164.01,"Troqueles, moldes, matrices y herramental",164.01,Deudora
cod_sat_258,cod_sat_45,165.01,Equipo de comunicaciones telefónicas,165.01,Deudora
cod_sat_259,cod_sat_46,166.01,Equipo de comunicación satelital,166.01,Deudora
cod_sat_260,cod_sat_47,167.01,Equipo de adaptaciones para personas con capacidades diferentes,167.01,Deudora
cod_sat_261,cod_sat_48,168.01,Maquinaria y equipo de generación de energía de fuentes renovables o de sistemas de cogeneración de electricidad eficiente,168.01,Deudora
cod_sat_262,cod_sat_49,169.01,Otra maquinaria y equipo,169.01,Deudora
cod_sat_263,cod_sat_50,170.01,Adaptaciones y mejoras,170.01,Deudora
cod_sat_264,cod_sat_51,171.01,Depreciación acumulada de edificios,171.01,Deudora
cod_sat_265,cod_sat_51,171.02,Depreciación acumulada de maquinaria y equipo,171.02,Deudora
cod_sat_266,cod_sat_51,171.03,"Depreciación acumulada de automóviles, autobuses, camiones de carga, tractocamiones, montacargas y remolques",171.03,Deudora
cod_sat_267,cod_sat_51,171.04,Depreciación acumulada de mobiliario y equipo de oficina,171.04,Deudora
cod_sat_268,cod_sat_51,171.05,Depreciación acumulada de equipo de cómputo,171.05,Deudora
cod_sat_269,cod_sat_51,171.06,Depreciación acumulada de equipo de comunicación,171.06,Deudora
cod_sat_270,cod_sat_51,171.07,"Depreciación acumulada de activos biológicos, vegetales y semovientes",171.07,Deudora
cod_sat_271,cod_sat_51,171.08,Depreciación acumulada de otros activos fijos,171.08,Deudora
cod_sat_272,cod_sat_51,171.09,Depreciación acumulada de ferrocarriles,171.09,Deudora
cod_sat_273,cod_sat_51,171.10,Depreciación acumulada de embarcaciones,171.1,Deudora
cod_sat_274,cod_sat_51,171.11,Depreciación acumulada de aviones,171.11,Deudora
cod_sat_275,cod_sat_51,171.12,"Depreciación acumulada de troqueles, moldes, matrices y herramental",171.12,Deudora
cod_sat_276,cod_sat_51,171.13,Depreciación acumulada de equipo de comunicaciones telefónicas,171.13,Deudora
cod_sat_277,cod_sat_51,171.14,Depreciación acumulada de equipo de comunicación satelital,171.14,Deudora
cod_sat_278,cod_sat_51,171.15,Depreciación acumulada de equipo de adaptaciones para personas con capacidades diferentes,171.15,Deudora
cod_sat_279,cod_sat_51,171.16,Depreciación acumulada de maquinaria y equipo de generación de energía de fuentes renovables o de sistemas de cogeneración de electricidad eficiente,171.16,Deudora
cod_sat_280,cod_sat_51,171.17,Depreciación acumulada de adaptaciones y mejoras,171.17,Deudora
cod_sat_281,cod_sat_51,171.18,Depreciación acumulada de otra maquinaria y equipo,171.18,Deudora
cod_sat_282,cod_sat_52,172.01,Pérdida por deterioro acumulado de edificios,172.01,Deudora
cod_sat_283,cod_sat_52,172.02,Pérdida por deterioro acumulado de maquinaria y equipo,172.02,Deudora
cod_sat_284,cod_sat_52,172.03,"Pérdida por deterioro acumulado de automóviles, autobuses, camiones de carga, tractocamiones, montacargas y remolques",172.03,Deudora
cod_sat_285,cod_sat_52,172.04,Pérdida por deterioro acumulado de mobiliario y equipo de oficina,172.04,Deudora
cod_sat_286,cod_sat_52,172.05,Pérdida por deterioro acumulado de equipo de cómputo,172.05,Deudora
cod_sat_287,cod_sat_52,172.06,Pérdida por deterioro acumulado de equipo de comunicación,172.06,Deudora
cod_sat_288,cod_sat_52,172.07,"Pérdida por deterioro acumulado de activos biológicos, vegetales y semovientes",172.07,Deudora
cod_sat_289,cod_sat_52,172.08,Pérdida por deterioro acumulado de otros activos fijos,172.08,Deudora
cod_sat_290,cod_sat_52,172.09,Pérdida por deterioro acumulado de ferrocarriles,172.09,Deudora
cod_sat_291,cod_sat_52,172.10,Pérdida por deterioro acumulado de embarcaciones,172.1,Deudora
cod_sat_292,cod_sat_52,172.11,Pérdida por deterioro acumulado de aviones,172.11,Deudora
cod_sat_293,cod_sat_52,172.12,"Pérdida por deterioro acumulado de troqueles, moldes, matrices y herramental",172.12,Deudora
cod_sat_294,cod_sat_52,172.13,Pérdida por deterioro acumulado de equipo de comunicaciones telefónicas,172.13,Deudora
cod_sat_295,cod_sat_52,172.14,Pérdida por deterioro acumulado de equipo de comunicación satelital,172.14,Deudora
cod_sat_296,cod_sat_52,172.15,Pérdida por deterioro acumulado de equipo de adaptaciones para personas con capacidades diferentes,172.15,Deudora
cod_sat_297,cod_sat_52,172.16,Pérdida por deterioro acumulado de maquinaria y equipo de generación de energía de fuentes renovables o de sistemas de cogeneración de electricidad eficiente,172.16,Deudora
cod_sat_298,cod_sat_52,172.17,Pérdida por deterioro acumulado de adaptaciones y mejoras,172.17,Deudora
cod_sat_299,cod_sat_52,172.18,Pérdida por deterioro acumulado de otra maquinaria y equipo,172.18,Deudora
cod_sat_300,cod_sat_53,173.01,Gastos diferidos,173.01,Deudora
cod_sat_301,cod_sat_54,174.01,Gastos pre operativos,174.01,Deudora
cod_sat_302,cod_sat_55,175.01,"Regalías, asistencia técnica y otros gastos diferidos",175.01,Deudora
cod_sat_303,cod_sat_56,176.01,Activos intangibles,176.01,Deudora
cod_sat_304,cod_sat_57,177.01,Gastos de organización,177.01,Deudora
cod_sat_305,cod_sat_58,178.01,Investigación y desarrollo de mercado,178.01,Deudora
cod_sat_306,cod_sat_59,179.01,Marcas y patentes,179.01,Deudora
cod_sat_307,cod_sat_60,180.01,Crédito mercantil,180.01,Deudora
cod_sat_308,cod_sat_61,181.01,Gastos de instalación,181.01,Deudora
cod_sat_309,cod_sat_62,182.01,Otros activos diferidos,182.01,Deudora
cod_sat_310,cod_sat_63,183.01,Amortización acumulada de gastos diferidos,183.01,Deudora
cod_sat_311,cod_sat_63,183.02,Amortización acumulada de gastos pre operativos,183.02,Deudora
cod_sat_312,cod_sat_63,183.03,"Amortización acumulada de regalías, asistencia técnica y otros gastos diferidos",183.03,Deudora
cod_sat_313,cod_sat_63,183.04,Amortización acumulada de activos intangibles,183.04,Deudora
cod_sat_314,cod_sat_63,183.05,Amortización acumulada de gastos de organización,183.05,Deudora
cod_sat_315,cod_sat_63,183.06,Amortización acumulada de investigación y desarrollo de mercado,183.06,Deudora
cod_sat_316,cod_sat_63,183.07,Amortización acumulada de marcas y patentes,183.07,Deudora
cod_sat_317,cod_sat_63,183.08,Amortización acumulada de crédito mercantil,183.08,Deudora
cod_sat_318,cod_sat_63,183.09,Amortización acumulada de gastos de instalación,183.09,Deudora
cod_sat_319,cod_sat_63,183.01,Amortización acumulada de otros activos diferidos,183.01,Deudora
cod_sat_320,cod_sat_64,184.01,Depósitos de fianzas,184.01,Deudora
cod_sat_321,cod_sat_64,184.02,Depósitos de arrendamiento de bienes inmuebles,184.02,Deudora
cod_sat_322,cod_sat_64,184.03,Otros depósitos en garantía,184.03,Deudora
cod_sat_323,cod_sat_65,185.01,Impuestos diferidos ISR,185.01,Deudora
cod_sat_324,cod_sat_66,186.01,Cuentas y documentos por cobrar a largo plazo nacional,186.01,Deudora
cod_sat_325,cod_sat_66,186.02,Cuentas y documentos por cobrar a largo plazo extranjero,186.02,Deudora
cod_sat_326,cod_sat_66,186.03,Cuentas y documentos por cobrar a largo plazo nacional parte relacionada,186.03,Deudora
cod_sat_327,cod_sat_66,186.04,Cuentas y documentos por cobrar a largo plazo extranjero parte relacionada,186.04,Deudora
cod_sat_328,cod_sat_66,186.05,Intereses por cobrar a largo plazo nacional,186.05,Deudora
cod_sat_329,cod_sat_66,186.06,Intereses por cobrar a largo plazo extranjero,186.06,Deudora
cod_sat_330,cod_sat_66,186.07,Intereses por cobrar a largo plazo nacional parte relacionada,186.07,Deudora
cod_sat_331,cod_sat_66,186.08,Intereses por cobrar a largo plazo extranjero parte relacionada,186.08,Deudora
cod_sat_332,cod_sat_66,186.09,Otras cuentas y documentos por cobrar a largo plazo,186.09,Deudora
cod_sat_333,cod_sat_66,186.10,Otras cuentas y documentos por cobrar a largo plazo parte relacionada,186.1,Deudora
cod_sat_334,cod_sat_67,187.01,Participación de los trabajadores en las utilidades diferidas,187.01,Deudora
cod_sat_335,cod_sat_68,188.01,Inversiones a largo plazo en subsidiarias,188.01,Deudora
cod_sat_336,cod_sat_68,188.02,Inversiones a largo plazo en asociadas,188.02,Deudora
cod_sat_337,cod_sat_68,188.03,Otras inversiones permanentes en acciones,188.03,Deudora
cod_sat_338,cod_sat_69,189.01,Estimación por deterioro de inversiones permanentes en acciones,189.01,Deudora
cod_sat_339,cod_sat_70,190.01,Otros instrumentos financieros,190.01,Deudora
cod_sat_340,cod_sat_71,191.01,Otros activos a largo plazo,191.01,Deudora
cod_sat_341,cod_sat_72,200.01,Pasivo a corto plazo,200.01,Acreedora
cod_sat_342,cod_sat_73,201.01,Proveedores nacionales,201.01,Acreedora
cod_sat_343,cod_sat_73,201.02,Proveedores extranjeros,201.02,Acreedora
cod_sat_344,cod_sat_73,201.03,Proveedores nacionales parte relacionada,201.03,Acreedora
cod_sat_345,cod_sat_73,201.04,Proveedores extranjeros parte relacionada,201.04,Acreedora
cod_sat_346,cod_sat_74,202.01,Documentos por pagar bancario y financiero nacional,202.01,Acreedora
cod_sat_347,cod_sat_74,202.02,Documentos por pagar bancario y financiero extranjero,202.02,Acreedora
cod_sat_348,cod_sat_74,202.03,Documentos y cuentas por pagar a corto plazo nacional,202.03,Acreedora
cod_sat_349,cod_sat_74,202.04,Documentos y cuentas por pagar a corto plazo extranjero,202.04,Acreedora
cod_sat_350,cod_sat_74,202.05,Documentos y cuentas por pagar a corto plazo nacional parte relacionada,202.05,Acreedora
cod_sat_351,cod_sat_74,202.06,Documentos y cuentas por pagar a corto plazo extranjero parte relacionada,202.06,Acreedora
cod_sat_352,cod_sat_74,202.07,Intereses por pagar a corto plazo nacional,202.07,Acreedora
cod_sat_353,cod_sat_74,202.08,Intereses por pagar a corto plazo extranjero,202.08,Acreedora
cod_sat_354,cod_sat_74,202.09,Intereses por pagar a corto plazo nacional parte relacionada,202.09,Acreedora
cod_sat_355,cod_sat_74,202.10,Intereses por pagar a corto plazo extranjero parte relacionada,202.1,Acreedora
cod_sat_356,cod_sat_74,202.11,Dividendo por pagar nacional,202.11,Acreedora
cod_sat_357,cod_sat_74,202.12,Dividendo por pagar extranjero,202.12,Acreedora
cod_sat_358,cod_sat_75,203.01,Rentas cobradas por anticipado a corto plazo nacional,203.01,Acreedora
cod_sat_359,cod_sat_75,203.02,Rentas cobradas por anticipado a corto plazo extranjero,203.02,Acreedora
cod_sat_360,cod_sat_75,203.03,Rentas cobradas por anticipado a corto plazo nacional parte relacionada,203.03,Acreedora
cod_sat_361,cod_sat_75,203.04,Rentas cobradas por anticipado a corto plazo extranjero parte relacionada,203.04,Acreedora
cod_sat_362,cod_sat_75,203.05,Intereses cobrados por anticipado a corto plazo nacional,203.05,Acreedora
cod_sat_363,cod_sat_75,203.06,Intereses cobrados por anticipado a corto plazo extranjero,203.06,Acreedora
cod_sat_364,cod_sat_75,203.07,Intereses cobrados por anticipado a corto plazo nacional parte relacionada,203.07,Acreedora
cod_sat_365,cod_sat_75,203.08,Intereses cobrados por anticipado a corto plazo extranjero parte relacionada,203.08,Acreedora
cod_sat_366,cod_sat_75,203.09,Factoraje financiero cobrados por anticipado a corto plazo nacional,203.09,Acreedora
cod_sat_367,cod_sat_75,203.10,Factoraje financiero cobrados por anticipado a corto plazo extranjero,203.1,Acreedora
cod_sat_368,cod_sat_75,203.11,Factoraje financiero cobrados por anticipado a corto plazo nacional parte relacionada,203.11,Acreedora
cod_sat_369,cod_sat_75,203.12,Factoraje financiero cobrados por anticipado a corto plazo extranjero parte relacionada,203.12,Acreedora
cod_sat_370,cod_sat_75,203.13,Arrendamiento financiero cobrados por anticipado a corto plazo nacional,203.13,Acreedora
cod_sat_371,cod_sat_75,203.14,Arrendamiento financiero cobrados por anticipado a corto plazo extranjero,203.14,Acreedora
cod_sat_372,cod_sat_75,203.15,Arrendamiento financiero cobrados por anticipado a corto plazo nacional parte relacionada,203.15,Acreedora
cod_sat_373,cod_sat_75,203.16,Arrendamiento financiero cobrados por anticipado a corto plazo extranjero parte relacionada,203.16,Acreedora
cod_sat_374,cod_sat_75,203.17,Derechos fiduciarios,203.17,Acreedora
cod_sat_375,cod_sat_75,203.18,Otros cobros anticipados,203.18,Acreedora
cod_sat_376,cod_sat_76,204.01,Instrumentos financieros a corto plazo,204.01,Acreedora
cod_sat_377,cod_sat_77,205.01,"Socios, accionistas o representante legal",205.01,Acreedora
cod_sat_378,cod_sat_77,205.02,Acreedores diversos a corto plazo nacional,205.02,Acreedora
cod_sat_379,cod_sat_77,205.03,Acreedores diversos a corto plazo extranjero,205.03,Acreedora
cod_sat_380,cod_sat_77,205.04,Acreedores diversos a corto plazo nacional parte relacionada,205.04,Acreedora
cod_sat_381,cod_sat_77,205.05,Acreedores diversos a corto plazo extranjero parte relacionada,205.05,Acreedora
cod_sat_382,cod_sat_77,205.06,Otros acreedores diversos a corto plazo,205.06,Acreedora
cod_sat_383,cod_sat_78,206.01,Anticipo de cliente nacional,206.01,Acreedora
cod_sat_384,cod_sat_78,206.02,Anticipo de cliente extranjero,206.02,Acreedora
cod_sat_385,cod_sat_78,206.03,Anticipo de cliente nacional parte relacionada,206.03,Acreedora
cod_sat_386,cod_sat_78,206.04,Anticipo de cliente extranjero parte relacionada,206.04,Acreedora
cod_sat_387,cod_sat_78,206.05,Otros anticipos de clientes,206.05,Acreedora
cod_sat_388,cod_sat_79,207.01,IVA trasladado,207.01,Acreedora
cod_sat_389,cod_sat_79,207.02,IEPS trasladado,207.02,Acreedora
cod_sat_390,cod_sat_80,208.01,IVA trasladado cobrado,208.01,Acreedora
cod_sat_391,cod_sat_80,208.02,IEPS trasladado cobrado,208.02,Acreedora
cod_sat_392,cod_sat_81,209.01,IVA trasladado no cobrado,209.01,Acreedora
cod_sat_393,cod_sat_81,209.02,IEPS trasladado no cobrado,209.02,Acreedora
cod_sat_394,cod_sat_82,210.01,Provisión de sueldos y salarios por pagar,210.01,Acreedora
cod_sat_395,cod_sat_82,210.02,Provisión de vacaciones por pagar,210.02,Acreedora
cod_sat_396,cod_sat_82,210.03,Provisión de aguinaldo por pagar,210.03,Acreedora
cod_sat_397,cod_sat_82,210.04,Provisión de fondo de ahorro por pagar,210.04,Acreedora
cod_sat_398,cod_sat_82,210.05,Provisión de asimilados a salarios por pagar,210.05,Acreedora
cod_sat_399,cod_sat_82,210.06,Provisión de anticipos o remanentes por distribuir,210.06,Acreedora
cod_sat_400,cod_sat_82,210.07,Provisión de otros sueldos y salarios por pagar,210.07,Acreedora
cod_sat_401,cod_sat_83,211.01,Provisión de IMSS patronal por pagar,211.01,Acreedora
cod_sat_402,cod_sat_83,211.02,Provisión de SAR por pagar,211.02,Acreedora
cod_sat_403,cod_sat_83,211.03,Provisión de infonavit por pagar,211.03,Acreedora
cod_sat_404,cod_sat_84,212.01,Provisión de impuesto estatal sobre nómina por pagar,212.01,Acreedora
cod_sat_405,cod_sat_85,213.01,IVA por pagar,213.01,Acreedora
cod_sat_406,cod_sat_85,213.02,IEPS por pagar,213.02,Acreedora
cod_sat_407,cod_sat_85,213.03,ISR por pagar,213.03,Acreedora
cod_sat_408,cod_sat_85,213.04,Impuesto estatal sobre nómina por pagar,213.04,Acreedora
cod_sat_409,cod_sat_85,213.05,Impuesto estatal y municipal por pagar,213.05,Acreedora
cod_sat_410,cod_sat_85,213.06,Derechos por pagar,213.06,Acreedora
cod_sat_411,cod_sat_85,213.07,Otros impuestos por pagar,213.07,Acreedora
cod_sat_412,cod_sat_86,214.01,Dividendos por pagar,214.01,Acreedora
cod_sat_413,cod_sat_87,215.01,PTU por pagar,215.01,Acreedora
cod_sat_414,cod_sat_87,215.02,PTU por pagar de ejercicios anteriores,215.02,Acreedora
cod_sat_415,cod_sat_87,215.03,Provisión de PTU por pagar,215.03,Acreedora
cod_sat_416,cod_sat_88,216.01,Impuestos retenidos de ISR por sueldos y salarios,216.01,Acreedora
cod_sat_417,cod_sat_88,216.02,Impuestos retenidos de ISR por asimilados a salarios,216.02,Acreedora
cod_sat_418,cod_sat_88,216.03,Impuestos retenidos de ISR por arrendamiento,216.03,Acreedora
cod_sat_419,cod_sat_88,216.04,Impuestos retenidos de ISR por servicios profesionales,216.04,Acreedora
cod_sat_420,cod_sat_88,216.05,Impuestos retenidos de ISR por dividendos,216.05,Acreedora
cod_sat_421,cod_sat_88,216.06,Impuestos retenidos de ISR por intereses,216.06,Acreedora
cod_sat_422,cod_sat_88,216.07,Impuestos retenidos de ISR por pagos al extranjero,216.07,Acreedora
cod_sat_423,cod_sat_88,216.08,Impuestos retenidos de ISR por venta de acciones,216.08,Acreedora
cod_sat_424,cod_sat_88,216.09,Impuestos retenidos de ISR por venta de partes sociales,216.09,Acreedora
cod_sat_425,cod_sat_88,216.10,Impuestos retenidos de IVA,216.1,Acreedora
cod_sat_426,cod_sat_88,216.11,Retenciones de IMSS a los trabajadores,216.11,Acreedora
cod_sat_427,cod_sat_88,216.12,Otras impuestos retenidos,216.12,Acreedora
cod_sat_428,cod_sat_89,217.01,Pagos realizados por cuenta de terceros,217.01,Acreedora
cod_sat_429,cod_sat_90,218.01,Otros pasivos a corto plazo,218.01,Acreedora
cod_sat_430,cod_sat_91,251.01,"Socios, accionistas o representante legal",251.01,Acreedora
cod_sat_431,cod_sat_91,251.02,Acreedores diversos a largo plazo nacional,251.02,Acreedora
cod_sat_432,cod_sat_91,251.03,Acreedores diversos a largo plazo extranjero,251.03,Acreedora
cod_sat_433,cod_sat_91,251.04,Acreedores diversos a largo plazo nacional parte relacionada,251.04,Acreedora
cod_sat_434,cod_sat_91,251.05,Acreedores diversos a largo plazo extranjero parte relacionada,251.05,Acreedora
cod_sat_435,cod_sat_91,251.06,Otros acreedores diversos a largo plazo,251.06,Acreedora
cod_sat_436,cod_sat_92,252.01,Documentos bancarios y financieros por pagar a largo plazo nacional,252.01,Acreedora
cod_sat_437,cod_sat_92,252.02,Documentos bancarios y financieros por pagar a largo plazo extranjero,252.02,Acreedora
cod_sat_438,cod_sat_92,252.03,Documentos y cuentas por pagar a largo plazo nacional,252.03,Acreedora
cod_sat_439,cod_sat_92,252.04,Documentos y cuentas por pagar a largo plazo extranjero,252.04,Acreedora
cod_sat_440,cod_sat_92,252.05,Documentos y cuentas por pagar a largo plazo nacional parte relacionada,252.05,Acreedora
cod_sat_441,cod_sat_92,252.06,Documentos y cuentas por pagar a largo plazo extranjero parte relacionada,252.06,Acreedora
cod_sat_442,cod_sat_92,252.07,Hipotecas por pagar a largo plazo nacional,252.07,Acreedora
cod_sat_443,cod_sat_92,252.08,Hipotecas por pagar a largo plazo extranjero,252.08,Acreedora
cod_sat_444,cod_sat_92,252.09,Hipotecas por pagar a largo plazo nacional parte relacionada,252.09,Acreedora
cod_sat_445,cod_sat_92,252.10,Hipotecas por pagar a largo plazo extranjero parte relacionada,252.1,Acreedora
cod_sat_446,cod_sat_92,252.11,Intereses por pagar a largo plazo nacional,252.11,Acreedora
cod_sat_447,cod_sat_92,252.12,Intereses por pagar a largo plazo extranjero,252.12,Acreedora
cod_sat_448,cod_sat_92,252.13,Intereses por pagar a largo plazo nacional parte relacionada,252.13,Acreedora
cod_sat_449,cod_sat_92,252.14,Intereses por pagar a largo plazo extranjero parte relacionada,252.14,Acreedora
cod_sat_450,cod_sat_92,252.15,Dividendos por pagar nacionales,252.15,Acreedora
cod_sat_451,cod_sat_92,252.16,Dividendos por pagar extranjeros,252.16,Acreedora
cod_sat_452,cod_sat_92,252.17,Otras cuentas y documentos por pagar a largo plazo,252.17,Acreedora
cod_sat_453,cod_sat_93,253.01,Rentas cobradas por anticipado a largo plazo nacional,253.01,Acreedora
cod_sat_454,cod_sat_93,253.02,Rentas cobradas por anticipado a largo plazo extranjero,253.02,Acreedora
cod_sat_455,cod_sat_93,253.03,Rentas cobradas por anticipado a largo plazo nacional parte relacionada,253.03,Acreedora
cod_sat_456,cod_sat_93,253.04,Rentas cobradas por anticipado a largo plazo extranjero parte relacionada,253.04,Acreedora
cod_sat_457,cod_sat_93,253.05,Intereses cobrados por anticipado a largo plazo nacional,253.05,Acreedora
cod_sat_458,cod_sat_93,253.06,Intereses cobrados por anticipado a largo plazo extranjero,253.06,Acreedora
cod_sat_459,cod_sat_93,253.07,Intereses cobrados por anticipado a largo plazo nacional parte relacionada,253.07,Acreedora
cod_sat_460,cod_sat_93,253.08,Intereses cobrados por anticipado a largo plazo extranjero parte relacionada,253.08,Acreedora
cod_sat_461,cod_sat_93,253.09,Factoraje financiero cobrados por anticipado a largo plazo nacional,253.09,Acreedora
cod_sat_462,cod_sat_93,253.10,Factoraje financiero cobrados por anticipado a largo plazo extranjero,253.1,Acreedora
cod_sat_463,cod_sat_93,253.11,Factoraje financiero cobrados por anticipado a largo plazo nacional parte relacionada,253.11,Acreedora
cod_sat_464,cod_sat_93,253.12,Factoraje financiero cobrados por anticipado a largo plazo extranjero parte relacionada,253.12,Acreedora
cod_sat_465,cod_sat_93,253.13,Arrendamiento financiero cobrados por anticipado a largo plazo nacional,253.13,Acreedora
cod_sat_466,cod_sat_93,253.14,Arrendamiento financiero cobrados por anticipado a largo plazo extranjero,253.14,Acreedora
cod_sat_467,cod_sat_93,253.15,Arrendamiento financiero cobrados por anticipado a largo plazo nacional parte relacionada,253.15,Acreedora
cod_sat_468,cod_sat_93,253.16,Arrendamiento financiero cobrados por anticipado a largo plazo extranjero parte relacionada,253.16,Acreedora
cod_sat_469,cod_sat_93,253.17,Derechos fiduciarios,253.17,Acreedora
cod_sat_470,cod_sat_93,253.18,Otros cobros anticipados,253.18,Acreedora
cod_sat_471,cod_sat_94,254.01,Instrumentos financieros a largo plazo,254.01,Acreedora
cod_sat_472,cod_sat_95,255.01,Pasivos por beneficios a los empleados a largo plazo,255.01,Acreedora
cod_sat_473,cod_sat_96,256.01,Otros pasivos a largo plazo,256.01,Acreedora
cod_sat_474,cod_sat_97,257.01,Participación de los trabajadores en las utilidades diferida,257.01,Acreedora
cod_sat_475,cod_sat_98,258.01,Obligaciones contraídas de fideicomisos,258.01,Acreedora
cod_sat_476,cod_sat_99,259.01,ISR diferido,259.01,Acreedora
cod_sat_477,cod_sat_99,259.02,ISR por dividendo diferido,259.02,Acreedora
cod_sat_478,cod_sat_99,259.03,Otros impuestos diferidos,259.03,Acreedora
cod_sat_479,cod_sat_100,260.01,Pasivos diferidos,260.01,Acreedora
cod_sat_480,cod_sat_102,301.01,Capital fijo,301.01,Deudora
cod_sat_481,cod_sat_102,301.02,Capital variable,301.02,Deudora
cod_sat_482,cod_sat_102,301.03,Aportaciones para futuros aumentos de capital,301.03,Deudora
cod_sat_483,cod_sat_102,301.04,Prima en suscripción de acciones,301.04,Deudora
cod_sat_484,cod_sat_102,301.05,Prima en suscripción de partes sociales,301.05,Deudora
cod_sat_485,cod_sat_103,302.01,Patrimonio,302.01,Deudora
cod_sat_486,cod_sat_103,302.02,Aportación patrimonial,302.02,Deudora
cod_sat_487,cod_sat_103,302.03,Déficit o remanente del ejercicio,302.03,Deudora
cod_sat_488,cod_sat_104,303.01,Reserva legal,303.01,Deudora
cod_sat_489,cod_sat_105,304.01,Utilidad de ejercicios anteriores,304.01,Deudora
cod_sat_490,cod_sat_105,304.02,Pérdida de ejercicios anteriores,304.02,Deudora
cod_sat_491,cod_sat_105,304.03,Resultado integral de ejercicios anteriores,304.03,Deudora
cod_sat_492,cod_sat_105,304.04,Déficit o remanente de ejercicio anteriores,304.04,Deudora
cod_sat_493,cod_sat_106,305.01,Utilidad del ejercicio,305.01,Deudora
cod_sat_494,cod_sat_106,305.02,Pérdida del ejercicio,305.02,Deudora
cod_sat_495,cod_sat_106,305.03,Resultado integral,305.03,Deudora
cod_sat_496,cod_sat_107,306.01,Otras cuentas de capital,306.01,Deudora
cod_sat_497,cod_sat_109,401.01,Ventas y/o servicios gravados a la tasa general,401.01,Acreedora
cod_sat_498,cod_sat_109,401.02,Ventas y/o servicios gravados a la tasa general de contado,401.02,Acreedora
cod_sat_499,cod_sat_109,401.03,Ventas y/o servicios gravados a la tasa general a crédito,401.03,Acreedora
cod_sat_500,cod_sat_109,401.04,Ventas y/o servicios gravados al 0%,401.04,Acreedora
cod_sat_501,cod_sat_109,401.05,Ventas y/o servicios gravados al 0% de contado,401.05,Acreedora
cod_sat_502,cod_sat_109,401.06,Ventas y/o servicios gravados al 0% a crédito,401.06,Acreedora
cod_sat_503,cod_sat_109,401.07,Ventas y/o servicios exentos,401.07,Acreedora
cod_sat_504,cod_sat_109,401.08,Ventas y/o servicios exentos de contado,401.08,Acreedora
cod_sat_505,cod_sat_109,401.09,Ventas y/o servicios exentos a crédito,401.09,Acreedora
cod_sat_506,cod_sat_109,401.10,Ventas y/o servicios gravados a la tasa general nacionales partes relacionadas,401.10,Acreedora
cod_sat_507,cod_sat_109,401.11,Ventas y/o servicios gravados a la tasa general extranjeros partes relacionadas,401.11,Acreedora
cod_sat_508,cod_sat_109,401.12,Ventas y/o servicios gravados al 0% nacionales partes relacionadas,401.12,Acreedora
cod_sat_509,cod_sat_109,401.13,Ventas y/o servicios gravados al 0% extranjeros partes relacionadas,401.13,Acreedora
cod_sat_510,cod_sat_109,401.14,Ventas y/o servicios exentos nacionales partes relacionadas,401.14,Acreedora
cod_sat_511,cod_sat_109,401.15,Ventas y/o servicios exentos extranjeros partes relacionadas,401.15,Acreedora
cod_sat_512,cod_sat_109,401.16,Ingresos por servicios administrativos,401.16,Acreedora
cod_sat_513,cod_sat_109,401.17,Ingresos por servicios administrativos nacionales partes relacionadas,401.17,Acreedora
cod_sat_514,cod_sat_109,401.18,Ingresos por servicios administrativos extranjeros partes relacionadas,401.18,Acreedora
cod_sat_515,cod_sat_109,401.19,Ingresos por servicios profesionales,401.19,Acreedora
cod_sat_516,cod_sat_109,401.20,Ingresos por servicios profesionales nacionales partes relacionadas,401.20,Acreedora
cod_sat_517,cod_sat_109,401.21,Ingresos por servicios profesionales extranjeros partes relacionadas,401.21,Acreedora
cod_sat_518,cod_sat_109,401.22,Ingresos por arrendamiento,401.22,Acreedora
cod_sat_519,cod_sat_109,401.23,Ingresos por arrendamiento nacionales partes relacionadas,401.23,Acreedora
cod_sat_520,cod_sat_109,401.24,Ingresos por arrendamiento extranjeros partes relacionadas,401.24,Acreedora
cod_sat_521,cod_sat_109,401.25,Ingresos por exportación,401.25,Acreedora
cod_sat_522,cod_sat_109,401.26,Ingresos por comisiones,401.26,Acreedora
cod_sat_523,cod_sat_109,401.27,Ingresos por maquila,401.27,Acreedora
cod_sat_524,cod_sat_109,401.28,Ingresos por coordinados,401.28,Acreedora
cod_sat_525,cod_sat_109,401.29,Ingresos por regalías,401.29,Acreedora
cod_sat_526,cod_sat_109,401.30,Ingresos por asistencia técnica,401.30,Acreedora
cod_sat_527,cod_sat_109,401.31,Ingresos por donativos,401.31,Acreedora
cod_sat_528,cod_sat_109,401.32,Ingresos por intereses (actividad propia),401.32,Acreedora
cod_sat_529,cod_sat_109,401.33,Ingresos de copropiedad,401.33,Acreedora
cod_sat_530,cod_sat_109,401.34,Ingresos por fideicomisos,401.34,Acreedora
cod_sat_531,cod_sat_109,401.35,Ingresos por factoraje financiero,401.35,Acreedora
cod_sat_532,cod_sat_109,401.36,Ingresos por arrendamiento financiero,401.36,Acreedora
cod_sat_533,cod_sat_109,401.37,Ingresos de extranjeros con establecimiento en el país,401.37,Acreedora
cod_sat_534,cod_sat_109,401.38,Otros ingresos propios,401.38,Acreedora
cod_sat_535,cod_sat_109,401.39,Ventas y/o servicios gravados realizados en zona fronteriza norte,401.39,Acreedora
cod_sat_536,cod_sat_109,401.40,Ventas y/o servicios gravados realizados en zona fronteriza norte de contado,401.40,Acreedora
cod_sat_537,cod_sat_109,401.41,Ventas y/o servicios gravados realizados en zona fronteriza norte a crédito,401.41,Acreedora
cod_sat_538,cod_sat_110,402.01,"Devoluciones, descuentos o bonificaciones sobre ventas y/o servicios a la tasa general",402.01,Acreedora
cod_sat_539,cod_sat_110,402.02,"Devoluciones, descuentos o bonificaciones sobre ventas y/o servicios al 0%",402.02,Acreedora
cod_sat_540,cod_sat_110,402.03,"Devoluciones, descuentos o bonificaciones sobre ventas y/o servicios exentos",402.03,Acreedora
cod_sat_541,cod_sat_110,402.04,"Devoluciones, descuentos o bonificaciones de otros ingresos",402.04,Acreedora
cod_sat_542,cod_sat_110,402.05,"Devoluciones, descuentos o bonificaciones sobre ventas y/o servicios en zona fronteriza norte",402.05,Acreedora
cod_sat_543,cod_sat_111,403.01,Otros Ingresos,403.01,Acreedora
cod_sat_544,cod_sat_111,403.02,Otros ingresos nacionales parte relacionada,403.02,Acreedora
cod_sat_545,cod_sat_111,403.03,Otros ingresos extranjeros parte relacionada,403.03,Acreedora
cod_sat_546,cod_sat_111,403.04,Ingresos por operaciones discontinuas,403.04,Acreedora
cod_sat_547,cod_sat_111,403.05,Ingresos por condonación de adeudo,403.05,Acreedora
cod_sat_548,cod_sat_113,501.01,Costo de venta,501.01,Deudora
cod_sat_549,cod_sat_113,501.02,Costo de servicios (Mano de obra),501.02,Deudora
cod_sat_550,cod_sat_113,501.03,Materia prima directa utilizada para la producción,501.03,Deudora
cod_sat_551,cod_sat_113,501.04,Materia prima consumida en el proceso productivo,501.04,Deudora
cod_sat_552,cod_sat_113,501.05,Mano de obra directa consumida,501.05,Deudora
cod_sat_553,cod_sat_113,501.06,Mano de obra directa,501.06,Deudora
cod_sat_554,cod_sat_113,501.07,Cargos indirectos de producción,501.07,Deudora
cod_sat_555,cod_sat_113,501.08,Otros conceptos de costo,501.08,Deudora
cod_sat_556,cod_sat_114,502.01,Compras nacionales,502.01,Deudora
cod_sat_557,cod_sat_114,502.02,Compras nacionales parte relacionada,502.02,Deudora
cod_sat_558,cod_sat_114,502.03,Compras de Importación,502.03,Deudora
cod_sat_559,cod_sat_114,502.04,Compras de Importación partes relacionadas,502.04,Deudora
cod_sat_560,cod_sat_115,503.01,"Devoluciones, descuentos o bonificaciones sobre compras",503.01,Deudora
cod_sat_561,cod_sat_116,504.01,Gastos indirectos de fabricación,504.01,Deudora
cod_sat_562,cod_sat_116,504.02,Gastos indirectos de fabricación de partes relacionadas nacionales,504.02,Deudora
cod_sat_563,cod_sat_116,504.03,Gastos indirectos de fabricación de partes relacionadas extranjeras,504.03,Deudora
cod_sat_564,cod_sat_116,504.04,Otras cuentas de costos incurridos,504.04,Deudora
cod_sat_565,cod_sat_116,504.05,Otras cuentas de costos incurridos con partes relacionadas nacionales,504.05,Deudora
cod_sat_566,cod_sat_116,504.06,Otras cuentas de costos incurridos con partes relacionadas extranjeras,504.06,Deudora
cod_sat_567,cod_sat_116,504.07,Depreciación de edificios,504.07,Deudora
cod_sat_568,cod_sat_116,504.08,Depreciación de maquinaria y equipo,504.08,Deudora
cod_sat_569,cod_sat_116,504.09,"Depreciación de automóviles, autobuses, camiones de carga, tractocamiones, montacargas y remolques",504.09,Deudora
cod_sat_570,cod_sat_116,504.10,Depreciación de mobiliario y equipo de oficina,504.1,Deudora
cod_sat_571,cod_sat_116,504.11,Depreciación de equipo de cómputo,504.11,Deudora
cod_sat_572,cod_sat_116,504.12,Depreciación de equipo de comunicación,504.12,Deudora
cod_sat_573,cod_sat_116,504.13,"Depreciación de activos biológicos, vegetales y semovientes",504.13,Deudora
cod_sat_574,cod_sat_116,504.14,Depreciación de otros activos fijos,504.14,Deudora
cod_sat_575,cod_sat_116,504.15,Depreciación de ferrocarriles,504.15,Deudora
cod_sat_576,cod_sat_116,504.16,Depreciación de embarcaciones,504.16,Deudora
cod_sat_577,cod_sat_116,504.17,Depreciación de aviones,504.17,Deudora
cod_sat_578,cod_sat_116,504.18,"Depreciación de troqueles, moldes, matrices y herramental",504.18,Deudora
cod_sat_579,cod_sat_116,504.19,Depreciación de equipo de comunicaciones telefónicas,504.19,Deudora
cod_sat_580,cod_sat_116,504.20,Depreciación de equipo de comunicación satelital,504.2,Deudora
cod_sat_581,cod_sat_116,504.21,Depreciación de equipo de adaptaciones para personas con capacidades diferentes,504.21,Deudora
cod_sat_582,cod_sat_116,504.22,Depreciación de maquinaria y equipo de generación de energía de fuentes renovables o de sistemas de cogeneración de electricidad eficiente,504.22,Deudora
cod_sat_583,cod_sat_116,504.23,Depreciación de adaptaciones y mejoras,504.23,Deudora
cod_sat_584,cod_sat_116,504.24,Depreciación de otra maquinaria y equipo,504.24,Deudora
cod_sat_585,cod_sat_116,504.25,Otras cuentas de costos,504.25,Deudora
cod_sat_586,cod_sat_117,505.01,Costo por venta de activo fijo,505.01,Deudora
cod_sat_587,cod_sat_117,505.02,Costo por baja de activo fijo,505.02,Deudora
cod_sat_588,cod_sat_119,601.01,Sueldos y salarios,601.01,Deudora
cod_sat_589,cod_sat_119,601.02,Compensaciones,601.02,Deudora
cod_sat_590,cod_sat_119,601.03,Tiempos extras,601.03,Deudora
cod_sat_591,cod_sat_119,601.04,Premios de asistencia,601.04,Deudora
cod_sat_592,cod_sat_119,601.05,Premios de puntualidad,601.05,Deudora
cod_sat_593,cod_sat_119,601.06,Vacaciones,601.06,Deudora
cod_sat_594,cod_sat_119,601.07,Prima vacacional,601.07,Deudora
cod_sat_595,cod_sat_119,601.08,Prima dominical,601.08,Deudora
cod_sat_596,cod_sat_119,601.09,Días festivos,601.09,Deudora
cod_sat_597,cod_sat_119,601.10,Gratificaciones,601.1,Deudora
cod_sat_598,cod_sat_119,601.11,Primas de antigüedad,601.11,Deudora
cod_sat_599,cod_sat_119,601.12,Aguinaldo,601.12,Deudora
cod_sat_600,cod_sat_119,601.13,Indemnizaciones,601.13,Deudora
cod_sat_601,cod_sat_119,601.14,Destajo,601.14,Deudora
cod_sat_602,cod_sat_119,601.15,Despensa,601.15,Deudora
cod_sat_603,cod_sat_119,601.16,Transporte,601.16,Deudora
cod_sat_604,cod_sat_119,601.17,Servicio médico,601.17,Deudora
cod_sat_605,cod_sat_119,601.18,Ayuda en gastos funerarios,601.18,Deudora
cod_sat_606,cod_sat_119,601.19,Fondo de ahorro,601.19,Deudora
cod_sat_607,cod_sat_119,601.20,Cuotas sindicales,601.2,Deudora
cod_sat_608,cod_sat_119,601.21,PTU,601.21,Deudora
cod_sat_609,cod_sat_119,601.22,Estímulo al personal,601.22,Deudora
cod_sat_610,cod_sat_119,601.23,Previsión social,601.23,Deudora
cod_sat_611,cod_sat_119,601.24,Aportaciones para el plan de jubilación,601.24,Deudora
cod_sat_612,cod_sat_119,601.25,Otras prestaciones al personal,601.25,Deudora
cod_sat_613,cod_sat_119,601.26,Cuotas al IMSS,601.26,Deudora
cod_sat_614,cod_sat_119,601.27,Aportaciones al infonavit,601.27,Deudora
cod_sat_615,cod_sat_119,601.28,Aportaciones al SAR,601.28,Deudora
cod_sat_616,cod_sat_119,601.29,Impuesto estatal sobre nóminas,601.29,Deudora
cod_sat_617,cod_sat_119,601.30,Otras aportaciones,601.3,Deudora
cod_sat_618,cod_sat_119,601.31,Asimilados a salarios,601.31,Deudora
cod_sat_619,cod_sat_119,601.32,Servicios administrativos,601.32,Deudora
cod_sat_620,cod_sat_119,601.33,Servicios administrativos partes relacionadas,601.33,Deudora
cod_sat_621,cod_sat_119,601.34,Honorarios a personas físicas residentes nacionales,601.34,Deudora
cod_sat_622,cod_sat_119,601.35,Honorarios a personas físicas residentes nacionales partes relacionadas,601.35,Deudora
cod_sat_623,cod_sat_119,601.36,Honorarios a personas físicas residentes del extranjero,601.36,Deudora
cod_sat_624,cod_sat_119,601.37,Honorarios a personas físicas residentes del extranjero partes relacionadas,601.37,Deudora
cod_sat_625,cod_sat_119,601.38,Honorarios a personas morales residentes nacionales,601.38,Deudora
cod_sat_626,cod_sat_119,601.39,Honorarios a personas morales residentes nacionales partes relacionadas,601.39,Deudora
cod_sat_627,cod_sat_119,601.40,Honorarios a personas morales residentes del extranjero,601.4,Deudora
cod_sat_628,cod_sat_119,601.41,Honorarios a personas morales residentes del extranjero partes relacionadas,601.41,Deudora
cod_sat_629,cod_sat_119,601.42,Honorarios aduanales personas físicas,601.42,Deudora
cod_sat_630,cod_sat_119,601.43,Honorarios aduanales personas morales,601.43,Deudora
cod_sat_631,cod_sat_119,601.44,Honorarios al consejo de administración,601.44,Deudora
cod_sat_632,cod_sat_119,601.45,Arrendamiento a personas físicas residentes nacionales,601.45,Deudora
cod_sat_633,cod_sat_119,601.46,Arrendamiento a personas morales residentes nacionales,601.46,Deudora
cod_sat_634,cod_sat_119,601.47,Arrendamiento a residentes del extranjero,601.47,Deudora
cod_sat_635,cod_sat_119,601.48,Combustibles y lubricantes,601.48,Deudora
cod_sat_636,cod_sat_119,601.49,Viáticos y gastos de viaje,601.49,Deudora
cod_sat_637,cod_sat_120,601.50,"Teléfono, internet",601.5,Deudora
cod_sat_638,cod_sat_120,601.51,Agua,601.51,Deudora
cod_sat_639,cod_sat_120,601.52,Energía eléctrica,601.52,Deudora
cod_sat_640,cod_sat_120,601.53,Vigilancia y seguridad,601.53,Deudora
cod_sat_641,cod_sat_120,601.54,Limpieza,601.54,Deudora
cod_sat_642,cod_sat_120,601.55,Papelería y artículos de oficina,601.55,Deudora
cod_sat_643,cod_sat_120,601.56,Mantenimiento y conservación,601.56,Deudora
cod_sat_644,cod_sat_120,601.57,Seguros y fianzas,601.57,Deudora
cod_sat_645,cod_sat_120,601.58,Otros impuestos y derechos,601.58,Deudora
cod_sat_646,cod_sat_120,601.59,Recargos fiscales,601.59,Deudora
cod_sat_647,cod_sat_120,601.60,Cuotas y suscripciones,601.6,Deudora
cod_sat_648,cod_sat_120,601.61,Propaganda y publicidad,601.61,Deudora
cod_sat_649,cod_sat_120,601.62,Capacitación al personal,601.62,Deudora
cod_sat_650,cod_sat_120,601.63,Donativos y ayudas,601.63,Deudora
cod_sat_651,cod_sat_120,601.64,Asistencia técnica,601.64,Deudora
cod_sat_652,cod_sat_120,601.65,Regalías sujetas a otros porcentajes,601.65,Deudora
cod_sat_653,cod_sat_120,601.66,Regalías sujetas al 5%,601.66,Deudora
cod_sat_654,cod_sat_120,601.67,Regalías sujetas al 10%,601.67,Deudora
cod_sat_655,cod_sat_120,601.68,Regalías sujetas al 15%,601.68,Deudora
cod_sat_656,cod_sat_120,601.69,Regalías sujetas al 25%,601.69,Deudora
cod_sat_657,cod_sat_120,601.70,Regalías sujetas al 30%,601.7,Deudora
cod_sat_658,cod_sat_120,601.71,Regalías sin retención,601.71,Deudora
cod_sat_659,cod_sat_120,601.72,Fletes y acarreos,601.72,Deudora
cod_sat_660,cod_sat_120,601.73,Gastos de importación,601.73,Deudora
cod_sat_661,cod_sat_120,601.74,Comisiones sobre ventas,601.74,Deudora
cod_sat_662,cod_sat_120,601.75,Comisiones por tarjetas de crédito,601.75,Deudora
cod_sat_663,cod_sat_120,601.76,Patentes y marcas,601.76,Deudora
cod_sat_664,cod_sat_120,601.77,Uniformes,601.77,Deudora
cod_sat_665,cod_sat_120,601.78,Prediales,601.78,Deudora
cod_sat_666,cod_sat_120,601.79,Gastos generales de urbanización,601.79,Deudora
cod_sat_667,cod_sat_120,601.80,Gastos generales de construcción,601.8,Deudora
cod_sat_668,cod_sat_120,601.81,Fletes del extranjero,601.81,Deudora
cod_sat_669,cod_sat_120,601.82,Recolección de bienes del sector agropecuario y/o ganadero,601.82,Deudora
cod_sat_670,cod_sat_120,601.83,Gastos no deducibles (sin requisitos fiscales),601.83,Deudora
cod_sat_671,cod_sat_120,601.84,Otros gastos generales,601.84,Deudora
cod_sat_672,cod_sat_120,602.01,Sueldos y salarios,602.01,Deudora
cod_sat_673,cod_sat_120,602.02,Compensaciones,602.02,Deudora
cod_sat_674,cod_sat_120,602.03,Tiempos extras,602.03,Deudora
cod_sat_675,cod_sat_120,602.04,Premios de asistencia,602.04,Deudora
cod_sat_676,cod_sat_120,602.05,Premios de puntualidad,602.05,Deudora
cod_sat_677,cod_sat_120,602.06,Vacaciones,602.06,Deudora
cod_sat_678,cod_sat_120,602.07,Prima vacacional,602.07,Deudora
cod_sat_679,cod_sat_120,602.08,Prima dominical,602.08,Deudora
cod_sat_680,cod_sat_120,602.09,Días festivos,602.09,Deudora
cod_sat_681,cod_sat_120,602.10,Gratificaciones,602.1,Deudora
cod_sat_682,cod_sat_120,602.11,Primas de antigüedad,602.11,Deudora
cod_sat_683,cod_sat_120,602.12,Aguinaldo,602.12,Deudora
cod_sat_684,cod_sat_120,602.13,Indemnizaciones,602.13,Deudora
cod_sat_685,cod_sat_120,602.14,Destajo,602.14,Deudora
cod_sat_686,cod_sat_120,602.15,Despensa,602.15,Deudora
cod_sat_687,cod_sat_120,602.16,Transporte,602.16,Deudora
cod_sat_688,cod_sat_120,602.17,Servicio médico,602.17,Deudora
cod_sat_689,cod_sat_120,602.18,Ayuda en gastos funerarios,602.18,Deudora
cod_sat_690,cod_sat_120,602.19,Fondo de ahorro,602.19,Deudora
cod_sat_691,cod_sat_120,602.20,Cuotas sindicales,602.2,Deudora
cod_sat_692,cod_sat_120,602.21,PTU,602.21,Deudora
cod_sat_693,cod_sat_120,602.22,Estímulo al personal,602.22,Deudora
cod_sat_694,cod_sat_120,602.23,Previsión social,602.23,Deudora
cod_sat_695,cod_sat_120,602.24,Aportaciones para el plan de jubilación,602.24,Deudora
cod_sat_696,cod_sat_120,602.25,Otras prestaciones al personal,602.25,Deudora
cod_sat_697,cod_sat_120,602.26,Cuotas al IMSS,602.26,Deudora
cod_sat_698,cod_sat_120,602.27,Aportaciones al infonavit,602.27,Deudora
cod_sat_699,cod_sat_120,602.28,Aportaciones al SAR,602.28,Deudora
cod_sat_700,cod_sat_120,602.29,Impuesto estatal sobre nóminas,602.29,Deudora
cod_sat_701,cod_sat_120,602.30,Otras aportaciones,602.3,Deudora
cod_sat_702,cod_sat_120,602.31,Asimilados a salarios,602.31,Deudora
cod_sat_703,cod_sat_120,602.32,Servicios administrativos,602.32,Deudora
cod_sat_704,cod_sat_120,602.33,Servicios administrativos partes relacionadas,602.33,Deudora
cod_sat_705,cod_sat_120,602.34,Honorarios a personas físicas residentes nacionales,602.34,Deudora
cod_sat_706,cod_sat_120,602.35,Honorarios a personas físicas residentes nacionales partes relacionadas,602.35,Deudora
cod_sat_707,cod_sat_120,602.36,Honorarios a personas físicas residentes del extranjero,602.36,Deudora
cod_sat_708,cod_sat_120,602.37,Honorarios a personas físicas residentes del extranjero partes relacionadas,602.37,Deudora
cod_sat_709,cod_sat_120,602.38,Honorarios a personas morales residentes nacionales,602.38,Deudora
cod_sat_710,cod_sat_120,602.39,Honorarios a personas morales residentes nacionales partes relacionadas,602.39,Deudora
cod_sat_711,cod_sat_120,602.40,Honorarios a personas morales residentes del extranjero,602.4,Deudora
cod_sat_712,cod_sat_120,602.41,Honorarios a personas morales residentes del extranjero partes relacionadas,602.41,Deudora
cod_sat_713,cod_sat_120,602.42,Honorarios aduanales personas físicas,602.42,Deudora
cod_sat_714,cod_sat_120,602.43,Honorarios aduanales personas morales,602.43,Deudora
cod_sat_715,cod_sat_120,602.44,Honorarios al consejo de administración,602.44,Deudora
cod_sat_716,cod_sat_120,602.45,Arrendamiento a personas físicas residentes nacionales,602.45,Deudora
cod_sat_717,cod_sat_120,602.46,Arrendamiento a personas morales residentes nacionales,602.46,Deudora
cod_sat_718,cod_sat_120,602.47,Arrendamiento a residentes del extranjero,602.47,Deudora
cod_sat_719,cod_sat_120,602.48,Combustibles y lubricantes,602.48,Deudora
cod_sat_720,cod_sat_120,602.49,Viáticos y gastos de viaje,602.49,Deudora
cod_sat_721,cod_sat_121,602.50,"Teléfono, internet",602.5,Deudora
cod_sat_722,cod_sat_121,602.51,Agua,602.51,Deudora
cod_sat_723,cod_sat_121,602.52,Energía eléctrica,602.52,Deudora
cod_sat_724,cod_sat_121,602.53,Vigilancia y seguridad,602.53,Deudora
cod_sat_725,cod_sat_121,602.54,Limpieza,602.54,Deudora
cod_sat_726,cod_sat_121,602.55,Papelería y artículos de oficina,602.55,Deudora
cod_sat_727,cod_sat_121,602.56,Mantenimiento y conservación,602.56,Deudora
cod_sat_728,cod_sat_121,602.57,Seguros y fianzas,602.57,Deudora
cod_sat_729,cod_sat_121,602.58,Otros impuestos y derechos,602.58,Deudora
cod_sat_730,cod_sat_121,602.59,Recargos fiscales,602.59,Deudora
cod_sat_731,cod_sat_121,602.60,Cuotas y suscripciones,602.6,Deudora
cod_sat_732,cod_sat_121,602.61,Propaganda y publicidad,602.61,Deudora
cod_sat_733,cod_sat_121,602.62,Capacitación al personal,602.62,Deudora
cod_sat_734,cod_sat_121,602.63,Donativos y ayudas,602.63,Deudora
cod_sat_735,cod_sat_121,602.64,Asistencia técnica,602.64,Deudora
cod_sat_736,cod_sat_121,602.65,Regalías sujetas a otros porcentajes,602.65,Deudora
cod_sat_737,cod_sat_121,602.66,Regalías sujetas al 5%,602.66,Deudora
cod_sat_738,cod_sat_121,602.67,Regalías sujetas al 10%,602.67,Deudora
cod_sat_739,cod_sat_121,602.68,Regalías sujetas al 15%,602.68,Deudora
cod_sat_740,cod_sat_121,602.69,Regalías sujetas al 25%,602.69,Deudora
cod_sat_741,cod_sat_121,602.70,Regalías sujetas al 30%,602.7,Deudora
cod_sat_742,cod_sat_121,602.71,Regalías sin retención,602.71,Deudora
cod_sat_743,cod_sat_121,602.72,Fletes y acarreos,602.72,Deudora
cod_sat_744,cod_sat_121,602.73,Gastos de importación,602.73,Deudora
cod_sat_745,cod_sat_121,602.74,Comisiones sobre ventas,602.74,Deudora
cod_sat_746,cod_sat_121,602.75,Comisiones por tarjetas de crédito,602.75,Deudora
cod_sat_747,cod_sat_121,602.76,Patentes y marcas,602.76,Deudora
cod_sat_748,cod_sat_121,602.77,Uniformes,602.77,Deudora
cod_sat_749,cod_sat_121,602.78,Prediales,602.78,Deudora
cod_sat_750,cod_sat_121,602.79,Gastos de venta de urbanización,602.79,Deudora
cod_sat_751,cod_sat_121,602.80,Gastos de venta de construcción,602.8,Deudora
cod_sat_752,cod_sat_121,602.81,Fletes del extranjero,602.81,Deudora
cod_sat_753,cod_sat_121,602.82,Recolección de bienes del sector agropecuario y/o ganadero,602.82,Deudora
cod_sat_754,cod_sat_121,602.83,Gastos no deducibles (sin requisitos fiscales),602.83,Deudora
cod_sat_755,cod_sat_121,602.84,Otros gastos de venta,602.84,Deudora
cod_sat_756,cod_sat_121,603.01,Sueldos y salarios,603.01,Deudora
cod_sat_757,cod_sat_121,603.02,Compensaciones,603.02,Deudora
cod_sat_758,cod_sat_121,603.03,Tiempos extras,603.03,Deudora
cod_sat_759,cod_sat_121,603.04,Premios de asistencia,603.04,Deudora
cod_sat_760,cod_sat_121,603.05,Premios de puntualidad,603.05,Deudora
cod_sat_761,cod_sat_121,603.06,Vacaciones,603.06,Deudora
cod_sat_762,cod_sat_121,603.07,Prima vacacional,603.07,Deudora
cod_sat_763,cod_sat_121,603.08,Prima dominical,603.08,Deudora
cod_sat_764,cod_sat_121,603.09,Días festivos,603.09,Deudora
cod_sat_765,cod_sat_121,603.10,Gratificaciones,603.1,Deudora
cod_sat_766,cod_sat_121,603.11,Primas de antigüedad,603.11,Deudora
cod_sat_767,cod_sat_121,603.12,Aguinaldo,603.12,Deudora
cod_sat_768,cod_sat_121,603.13,Indemnizaciones,603.13,Deudora
cod_sat_769,cod_sat_121,603.14,Destajo,603.14,Deudora
cod_sat_770,cod_sat_121,603.15,Despensa,603.15,Deudora
cod_sat_771,cod_sat_121,603.16,Transporte,603.16,Deudora
cod_sat_772,cod_sat_121,603.17,Servicio médico,603.17,Deudora
cod_sat_773,cod_sat_121,603.18,Ayuda en gastos funerarios,603.18,Deudora
cod_sat_774,cod_sat_121,603.19,Fondo de ahorro,603.19,Deudora
cod_sat_775,cod_sat_121,603.20,Cuotas sindicales,603.2,Deudora
cod_sat_776,cod_sat_121,603.21,PTU,603.21,Deudora
cod_sat_777,cod_sat_121,603.22,Estímulo al personal,603.22,Deudora
cod_sat_778,cod_sat_121,603.23,Previsión social,603.23,Deudora
cod_sat_779,cod_sat_121,603.24,Aportaciones para el plan de jubilación,603.24,Deudora
cod_sat_780,cod_sat_121,603.25,Otras prestaciones al personal,603.25,Deudora
cod_sat_781,cod_sat_121,603.26,Cuotas al IMSS,603.26,Deudora
cod_sat_782,cod_sat_121,603.27,Aportaciones al infonavit,603.27,Deudora
cod_sat_783,cod_sat_121,603.28,Aportaciones al SAR,603.28,Deudora
cod_sat_784,cod_sat_121,603.29,Impuesto estatal sobre nóminas,603.29,Deudora
cod_sat_785,cod_sat_121,603.30,Otras aportaciones,603.3,Deudora
cod_sat_786,cod_sat_121,603.31,Asimilados a salarios,603.31,Deudora
cod_sat_787,cod_sat_121,603.32,Servicios administrativos,603.32,Deudora
cod_sat_788,cod_sat_121,603.33,Servicios administrativos partes relacionadas,603.33,Deudora
cod_sat_789,cod_sat_121,603.34,Honorarios a personas físicas residentes nacionales,603.34,Deudora
cod_sat_790,cod_sat_121,603.35,Honorarios a personas físicas residentes nacionales partes relacionadas,603.35,Deudora
cod_sat_791,cod_sat_121,603.36,Honorarios a personas físicas residentes del extranjero,603.36,Deudora
cod_sat_792,cod_sat_121,603.37,Honorarios a personas físicas residentes del extranjero partes relacionadas,603.37,Deudora
cod_sat_793,cod_sat_121,603.38,Honorarios a personas morales residentes nacionales,603.38,Deudora
cod_sat_794,cod_sat_121,603.39,Honorarios a personas morales residentes nacionales partes relacionadas,603.39,Deudora
cod_sat_795,cod_sat_121,603.40,Honorarios a personas morales residentes del extranjero,603.4,Deudora
cod_sat_796,cod_sat_121,603.41,Honorarios a personas morales residentes del extranjero partes relacionadas,603.41,Deudora
cod_sat_797,cod_sat_121,603.42,Honorarios aduanales personas físicas,603.42,Deudora
cod_sat_798,cod_sat_121,603.43,Honorarios aduanales personas morales,603.43,Deudora
cod_sat_799,cod_sat_121,603.44,Honorarios al consejo de administración,603.44,Deudora
cod_sat_800,cod_sat_121,603.45,Arrendamiento a personas físicas residentes nacionales,603.45,Deudora
cod_sat_801,cod_sat_121,603.46,Arrendamiento a personas morales residentes nacionales,603.46,Deudora
cod_sat_802,cod_sat_121,603.47,Arrendamiento a residentes del extranjero,603.47,Deudora
cod_sat_803,cod_sat_121,603.48,Combustibles y lubricantes,603.48,Deudora
cod_sat_804,cod_sat_121,603.49,Viáticos y gastos de viaje,603.49,Deudora
cod_sat_805,cod_sat_122,603.50,"Teléfono, internet",603.5,Deudora
cod_sat_806,cod_sat_122,603.51,Agua,603.51,Deudora
cod_sat_807,cod_sat_122,603.52,Energía eléctrica,603.52,Deudora
cod_sat_808,cod_sat_122,603.53,Vigilancia y seguridad,603.53,Deudora
cod_sat_809,cod_sat_122,603.54,Limpieza,603.54,Deudora
cod_sat_810,cod_sat_122,603.55,Papelería y artículos de oficina,603.55,Deudora
cod_sat_811,cod_sat_122,603.56,Mantenimiento y conservación,603.56,Deudora
cod_sat_812,cod_sat_122,603.57,Seguros y fianzas,603.57,Deudora
cod_sat_813,cod_sat_122,603.58,Otros impuestos y derechos,603.58,Deudora
cod_sat_814,cod_sat_122,603.59,Recargos fiscales,603.59,Deudora
cod_sat_815,cod_sat_122,603.60,Cuotas y suscripciones,603.6,Deudora
cod_sat_816,cod_sat_122,603.61,Propaganda y publicidad,603.61,Deudora
cod_sat_817,cod_sat_122,603.62,Capacitación al personal,603.62,Deudora
cod_sat_818,cod_sat_122,603.63,Donativos y ayudas,603.63,Deudora
cod_sat_819,cod_sat_122,603.64,Asistencia técnica,603.64,Deudora
cod_sat_820,cod_sat_122,603.65,Regalías sujetas a otros porcentajes,603.65,Deudora
cod_sat_821,cod_sat_122,603.66,Regalías sujetas al 5%,603.66,Deudora
cod_sat_822,cod_sat_122,603.67,Regalías sujetas al 10%,603.67,Deudora
cod_sat_823,cod_sat_122,603.68,Regalías sujetas al 15%,603.68,Deudora
cod_sat_824,cod_sat_122,603.69,Regalías sujetas al 25%,603.69,Deudora
cod_sat_825,cod_sat_122,603.70,Regalías sujetas al 30%,603.7,Deudora
cod_sat_826,cod_sat_122,603.71,Regalías sin retención,603.71,Deudora
cod_sat_827,cod_sat_122,603.72,Fletes y acarreos,603.72,Deudora
cod_sat_828,cod_sat_122,603.73,Gastos de importación,603.73,Deudora
cod_sat_829,cod_sat_122,603.74,Patentes y marcas,603.74,Deudora
cod_sat_830,cod_sat_122,603.75,Uniformes,603.75,Deudora
cod_sat_831,cod_sat_122,603.76,Prediales,603.76,Deudora
cod_sat_832,cod_sat_122,603.77,Gastos de administración de urbanización,603.77,Deudora
cod_sat_833,cod_sat_122,603.78,Gastos de administración de construcción,603.78,Deudora
cod_sat_834,cod_sat_122,603.79,Fletes del extranjero,603.79,Deudora
cod_sat_835,cod_sat_122,603.80,Recolección de bienes del sector agropecuario y/o ganadero,603.8,Deudora
cod_sat_836,cod_sat_122,603.81,Gastos no deducibles (sin requisitos fiscales),603.81,Deudora
cod_sat_837,cod_sat_122,603.82,Otros gastos de administración,603.82,Deudora
cod_sat_838,cod_sat_122,604.01,Sueldos y salarios,604.01,Deudora
cod_sat_839,cod_sat_122,604.02,Compensaciones,604.02,Deudora
cod_sat_840,cod_sat_122,604.03,Tiempos extras,604.03,Deudora
cod_sat_841,cod_sat_122,604.04,Premios de asistencia,604.04,Deudora
cod_sat_842,cod_sat_122,604.05,Premios de puntualidad,604.05,Deudora
cod_sat_843,cod_sat_122,604.06,Vacaciones,604.06,Deudora
cod_sat_844,cod_sat_122,604.07,Prima vacacional,604.07,Deudora
cod_sat_845,cod_sat_122,604.08,Prima dominical,604.08,Deudora
cod_sat_846,cod_sat_122,604.09,Días festivos,604.09,Deudora
cod_sat_847,cod_sat_122,604.10,Gratificaciones,604.1,Deudora
cod_sat_848,cod_sat_122,604.11,Primas de antigüedad,604.11,Deudora
cod_sat_849,cod_sat_122,604.12,Aguinaldo,604.12,Deudora
cod_sat_850,cod_sat_122,604.13,Indemnizaciones,604.13,Deudora
cod_sat_851,cod_sat_122,604.14,Destajo,604.14,Deudora
cod_sat_852,cod_sat_122,604.15,Despensa,604.15,Deudora
cod_sat_853,cod_sat_122,604.16,Transporte,604.16,Deudora
cod_sat_854,cod_sat_122,604.17,Servicio médico,604.17,Deudora
cod_sat_855,cod_sat_122,604.18,Ayuda en gastos funerarios,604.18,Deudora
cod_sat_856,cod_sat_122,604.19,Fondo de ahorro,604.19,Deudora
cod_sat_857,cod_sat_122,604.20,Cuotas sindicales,604.2,Deudora
cod_sat_858,cod_sat_122,604.21,PTU,604.21,Deudora
cod_sat_859,cod_sat_122,604.22,Estímulo al personal,604.22,Deudora
cod_sat_860,cod_sat_122,604.23,Previsión social,604.23,Deudora
cod_sat_861,cod_sat_122,604.24,Aportaciones para el plan de jubilación,604.24,Deudora
cod_sat_862,cod_sat_122,604.25,Otras prestaciones al personal,604.25,Deudora
cod_sat_863,cod_sat_122,604.26,Cuotas al IMSS,604.26,Deudora
cod_sat_864,cod_sat_122,604.27,Aportaciones al infonavit,604.27,Deudora
cod_sat_865,cod_sat_122,604.28,Aportaciones al SAR,604.28,Deudora
cod_sat_866,cod_sat_122,604.29,Impuesto estatal sobre nóminas,604.29,Deudora
cod_sat_867,cod_sat_122,604.30,Otras aportaciones,604.3,Deudora
cod_sat_868,cod_sat_122,604.31,Asimilados a salarios,604.31,Deudora
cod_sat_869,cod_sat_122,604.32,Servicios administrativos,604.32,Deudora
cod_sat_870,cod_sat_122,604.33,Servicios administrativos partes relacionadas,604.33,Deudora
cod_sat_871,cod_sat_122,604.34,Honorarios a personas físicas residentes nacionales,604.34,Deudora
cod_sat_872,cod_sat_122,604.35,Honorarios a personas físicas residentes nacionales partes relacionadas,604.35,Deudora
cod_sat_873,cod_sat_122,604.36,Honorarios a personas físicas residentes del extranjero,604.36,Deudora
cod_sat_874,cod_sat_122,604.37,Honorarios a personas físicas residentes del extranjero partes relacionadas,604.37,Deudora
cod_sat_875,cod_sat_122,604.38,Honorarios a personas morales residentes nacionales,604.38,Deudora
cod_sat_876,cod_sat_122,604.39,Honorarios a personas morales residentes nacionales partes relacionadas,604.39,Deudora
cod_sat_877,cod_sat_122,604.40,Honorarios a personas morales residentes del extranjero,604.4,Deudora
cod_sat_878,cod_sat_122,604.41,Honorarios a personas morales residentes del extranjero partes relacionadas,604.41,Deudora
cod_sat_879,cod_sat_122,604.42,Honorarios aduanales personas físicas,604.42,Deudora
cod_sat_880,cod_sat_122,604.43,Honorarios aduanales personas morales,604.43,Deudora
cod_sat_881,cod_sat_122,604.44,Honorarios al consejo de administración,604.44,Deudora
cod_sat_882,cod_sat_122,604.45,Arrendamiento a personas físicas residentes nacionales,604.45,Deudora
cod_sat_883,cod_sat_122,604.46,Arrendamiento a personas morales residentes nacionales,604.46,Deudora
cod_sat_884,cod_sat_122,604.47,Arrendamiento a residentes del extranjero,604.47,Deudora
cod_sat_885,cod_sat_122,604.48,Combustibles y lubricantes,604.48,Deudora
cod_sat_886,cod_sat_122,604.49,Viáticos y gastos de viaje,604.49,Deudora
cod_sat_887,cod_sat_123,604.50,"Teléfono, internet",604.5,Deudora
cod_sat_888,cod_sat_123,604.51,Agua,604.51,Deudora
cod_sat_889,cod_sat_123,604.52,Energía eléctrica,604.52,Deudora
cod_sat_890,cod_sat_123,604.53,Vigilancia y seguridad,604.53,Deudora
cod_sat_891,cod_sat_123,604.54,Limpieza,604.54,Deudora
cod_sat_892,cod_sat_123,604.55,Papelería y artículos de oficina,604.55,Deudora
cod_sat_893,cod_sat_123,604.56,Mantenimiento y conservación,604.56,Deudora
cod_sat_894,cod_sat_123,604.57,Seguros y fianzas,604.57,Deudora
cod_sat_895,cod_sat_123,604.58,Otros impuestos y derechos,604.58,Deudora
cod_sat_896,cod_sat_123,604.59,Recargos fiscales,604.59,Deudora
cod_sat_897,cod_sat_123,604.60,Cuotas y suscripciones,604.6,Deudora
cod_sat_898,cod_sat_123,604.61,Propaganda y publicidad,604.61,Deudora
cod_sat_899,cod_sat_123,604.62,Capacitación al personal,604.62,Deudora
cod_sat_900,cod_sat_123,604.63,Donativos y ayudas,604.63,Deudora
cod_sat_901,cod_sat_123,604.64,Asistencia técnica,604.64,Deudora
cod_sat_902,cod_sat_123,604.65,Regalías sujetas a otros porcentajes,604.65,Deudora
cod_sat_903,cod_sat_123,604.66,Regalías sujetas al 5%,604.66,Deudora
cod_sat_904,cod_sat_123,604.67,Regalías sujetas al 10%,604.67,Deudora
cod_sat_905,cod_sat_123,604.68,Regalías sujetas al 15%,604.68,Deudora
cod_sat_906,cod_sat_123,604.69,Regalías sujetas al 25%,604.69,Deudora
cod_sat_907,cod_sat_123,604.70,Regalías sujetas al 30%,604.7,Deudora
cod_sat_908,cod_sat_123,604.71,Regalías sin retención,604.71,Deudora
cod_sat_909,cod_sat_123,604.72,Fletes y acarreos,604.72,Deudora
cod_sat_910,cod_sat_123,604.73,Gastos de importación,604.73,Deudora
cod_sat_911,cod_sat_123,604.74,Patentes y marcas,604.74,Deudora
cod_sat_912,cod_sat_123,604.75,Uniformes,604.75,Deudora
cod_sat_913,cod_sat_123,604.76,Prediales,604.76,Deudora
cod_sat_914,cod_sat_123,604.77,Gastos de fabricación de urbanización,604.77,Deudora
cod_sat_915,cod_sat_123,604.78,Gastos de fabricación de construcción,604.78,Deudora
cod_sat_916,cod_sat_123,604.79,Fletes del extranjero,604.79,Deudora
cod_sat_917,cod_sat_123,604.80,Recolección de bienes del sector agropecuario y/o ganadero,604.8,Deudora
cod_sat_918,cod_sat_123,604.81,Gastos no deducibles (sin requisitos fiscales),604.81,Deudora
cod_sat_919,cod_sat_123,604.82,Otros gastos de fabricación,604.82,Deudora
cod_sat_920,cod_sat_123,605.01,Mano de obra,605.01,Deudora
cod_sat_921,cod_sat_123,605.02,Sueldos y Salarios,605.02,Deudora
cod_sat_922,cod_sat_123,605.03,Compensaciones,605.03,Deudora
cod_sat_923,cod_sat_123,605.04,Tiempos extras,605.04,Deudora
cod_sat_924,cod_sat_123,605.05,Premios de asistencia,605.05,Deudora
cod_sat_925,cod_sat_123,605.06,Premios de puntualidad,605.06,Deudora
cod_sat_926,cod_sat_123,605.07,Vacaciones,605.07,Deudora
cod_sat_927,cod_sat_123,605.08,Prima vacacional,605.08,Deudora
cod_sat_928,cod_sat_123,605.09,Prima dominical,605.09,Deudora
cod_sat_929,cod_sat_123,605.10,Días festivos,605.1,Deudora
cod_sat_930,cod_sat_123,605.11,Gratificaciones,605.11,Deudora
cod_sat_931,cod_sat_123,605.12,Primas de antigüedad,605.12,Deudora
cod_sat_932,cod_sat_123,605.13,Aguinaldo,605.13,Deudora
cod_sat_933,cod_sat_123,605.14,Indemnizaciones,605.14,Deudora
cod_sat_934,cod_sat_123,605.15,Destajo,605.15,Deudora
cod_sat_935,cod_sat_123,605.16,Despensa,605.16,Deudora
cod_sat_936,cod_sat_123,605.17,Transporte,605.17,Deudora
cod_sat_937,cod_sat_123,605.18,Servicio médico,605.18,Deudora
cod_sat_938,cod_sat_123,605.19,Ayuda en gastos funerarios,605.19,Deudora
cod_sat_939,cod_sat_123,605.20,Fondo de ahorro,605.2,Deudora
cod_sat_940,cod_sat_123,605.21,Cuotas sindicales,605.21,Deudora
cod_sat_941,cod_sat_123,605.22,PTU,605.22,Deudora
cod_sat_942,cod_sat_123,605.23,Estímulo al personal,605.23,Deudora
cod_sat_943,cod_sat_123,605.24,Previsión social,605.24,Deudora
cod_sat_944,cod_sat_123,605.25,Aportaciones para el plan de jubilación,605.25,Deudora
cod_sat_945,cod_sat_123,605.26,Otras prestaciones al personal,605.26,Deudora
cod_sat_946,cod_sat_123,605.27,Asimilados a salarios,605.27,Deudora
cod_sat_947,cod_sat_123,605.28,Cuotas al IMSS,605.28,Deudora
cod_sat_948,cod_sat_123,605.29,Aportaciones al infonavit,605.29,Deudora
cod_sat_949,cod_sat_123,605.30,Aportaciones al SAR,605.3,Deudora
cod_sat_950,cod_sat_123,605.31,Otros costos de mano de obra directa,605.31,Deudora
cod_sat_951,cod_sat_124,606.01,Facilidades administrativas fiscales,606.01,Deudora
cod_sat_952,cod_sat_125,607.01,Participación de los trabajadores en las utilidades,607.01,Deudora
cod_sat_953,cod_sat_126,608.01,Participación en resultados de subsidiarias,608.01,Deudora
cod_sat_954,cod_sat_127,609.01,Participación en resultados de asociadas,609.01,Deudora
cod_sat_955,cod_sat_128,610.01,Participación de los trabajadores en las utilidades diferida,610.01,Deudora
cod_sat_956,cod_sat_129,611.01,Impuesto Sobre la renta,611.01,Deudora
cod_sat_957,cod_sat_129,611.02,Impuesto Sobre la renta por remanente distribuible,611.02,Deudora
cod_sat_958,cod_sat_130,612.01,Gastos no deducibles para CUFIN,612.01,Deudora
cod_sat_959,cod_sat_131,613.01,Depreciación de edificios,613.01,Deudora
cod_sat_960,cod_sat_131,613.02,Depreciación de maquinaria y equipo,613.02,Deudora
cod_sat_961,cod_sat_131,613.03,"Depreciación de automóviles, autobuses, camiones de carga, tractocamiones, montacargas y remolques",613.03,Deudora
cod_sat_962,cod_sat_131,613.04,Depreciación de mobiliario y equipo de oficina,613.04,Deudora
cod_sat_963,cod_sat_131,613.05,Depreciación de equipo de cómputo,613.05,Deudora
cod_sat_964,cod_sat_131,613.06,Depreciación de equipo de comunicación,613.06,Deudora
cod_sat_965,cod_sat_131,613.07,"Depreciación de activos biológicos, vegetales y semovientes",613.07,Deudora
cod_sat_966,cod_sat_131,613.08,Depreciación de otros activos fijos,613.08,Deudora
cod_sat_967,cod_sat_131,613.09,Depreciación de ferrocarriles,613.09,Deudora
cod_sat_968,cod_sat_131,613.10,Depreciación de embarcaciones,613.1,Deudora
cod_sat_969,cod_sat_131,613.11,Depreciación de aviones,613.11,Deudora
cod_sat_970,cod_sat_131,613.12,"Depreciación de troqueles, moldes, matrices y herramental",613.12,Deudora
cod_sat_971,cod_sat_131,613.13,Depreciación de equipo de comunicaciones telefónicas,613.13,Deudora
cod_sat_972,cod_sat_131,613.14,Depreciación de equipo de comunicación satelital,613.14,Deudora
cod_sat_973,cod_sat_131,613.15,Depreciación de equipo de adaptaciones para personas con capacidades diferentes,613.15,Deudora
cod_sat_974,cod_sat_131,613.16,Depreciación de maquinaria y equipo de generación de energía de fuentes renovables o de sistemas de cogeneración de electricidad eficiente,613.16,Deudora
cod_sat_975,cod_sat_131,613.17,Depreciación de adaptaciones y mejoras,613.17,Deudora
cod_sat_976,cod_sat_131,613.18,Depreciación de otra maquinaria y equipo,613.18,Deudora
cod_sat_977,cod_sat_132,614.01,Amortización de gastos diferidos,614.01,Deudora
cod_sat_978,cod_sat_132,614.02,Amortización de gastos pre operativos,614.02,Deudora
cod_sat_979,cod_sat_132,614.03,"Amortización de regalías, asistencia técnica y otros gastos diferidos",614.03,Deudora
cod_sat_980,cod_sat_132,614.04,Amortización de activos intangibles,614.04,Deudora
cod_sat_981,cod_sat_132,614.05,Amortización de gastos de organización,614.05,Deudora
cod_sat_982,cod_sat_132,614.06,Amortización de investigación y desarrollo de mercado,614.06,Deudora
cod_sat_983,cod_sat_132,614.07,Amortización de marcas y patentes,614.07,Deudora
cod_sat_984,cod_sat_132,614.08,Amortización de crédito mercantil,614.08,Deudora
cod_sat_985,cod_sat_132,614.09,Amortización de gastos de instalación,614.09,Deudora
cod_sat_986,cod_sat_132,614.10,Amortización de otros activos diferidos,614.1,Deudora
cod_sat_987,cod_sat_134,701.01,Pérdida cambiaria,701.01,Deudora
cod_sat_988,cod_sat_134,701.02,Pérdida cambiaria nacional parte relacionada,701.02,Deudora
cod_sat_989,cod_sat_134,701.03,Pérdida cambiaria extranjero parte relacionada,701.03,Deudora
cod_sat_990,cod_sat_134,701.04,Intereses a cargo bancario nacional,701.04,Deudora
cod_sat_991,cod_sat_134,701.05,Intereses a cargo bancario extranjero,701.05,Deudora
cod_sat_992,cod_sat_134,701.06,Intereses a cargo de personas físicas nacional,701.06,Deudora
cod_sat_993,cod_sat_134,701.07,Intereses a cargo de personas físicas extranjero,701.07,Deudora
cod_sat_994,cod_sat_134,701.08,Intereses a cargo de personas morales nacional,701.08,Deudora
cod_sat_995,cod_sat_134,701.09,Intereses a cargo de personas morales extranjero,701.09,Deudora
cod_sat_996,cod_sat_134,701.10,Comisiones bancarias,701.1,Deudora
cod_sat_997,cod_sat_134,701.11,Otros gastos financieros,701.11,Deudora
cod_sat_998,cod_sat_135,702.01,Utilidad cambiaria,702.01,Deudora
cod_sat_999,cod_sat_135,702.02,Utilidad cambiaria nacional parte relacionada,702.02,Deudora
cod_sat_1000,cod_sat_135,702.03,Utilidad cambiaria extranjero parte relacionada,702.03,Deudora
cod_sat_1001,cod_sat_135,702.04,Intereses a favor bancarios nacional,702.04,Deudora
cod_sat_1002,cod_sat_135,702.05,Intereses a favor bancarios extranjero,702.05,Deudora
cod_sat_1003,cod_sat_135,702.06,Intereses a favor de personas físicas nacional,702.06,Deudora
cod_sat_1004,cod_sat_135,702.07,Intereses a favor de personas físicas extranjero,702.07,Deudora
cod_sat_1005,cod_sat_135,702.08,Intereses a favor de personas morales nacional,702.08,Deudora
cod_sat_1006,cod_sat_135,702.09,Intereses a favor de personas morales extranjero,702.09,Deudora
cod_sat_1007,cod_sat_135,702.1,Otros productos financieros,702.1,Deudora
cod_sat_1008,cod_sat_136,703.01,Pérdida en venta y/o baja de terrenos,703.01,Deudora
cod_sat_1009,cod_sat_136,703.02,Pérdida en venta y/o baja de edificios,703.02,Deudora
cod_sat_1010,cod_sat_136,703.03,Pérdida en venta y/o baja de maquinaria y equipo,703.03,Deudora
cod_sat_1011,cod_sat_136,703.04,"Pérdida en venta y/o baja de automóviles, autobuses, camiones de carga, tractocamiones, montacargas y remolques",703.04,Deudora
cod_sat_1012,cod_sat_136,703.05,Pérdida en venta y/o baja de mobiliario y equipo de oficina,703.05,Deudora
cod_sat_1013,cod_sat_136,703.06,Pérdida en venta y/o baja de equipo de cómputo,703.06,Deudora
cod_sat_1014,cod_sat_136,703.07,Pérdida en venta y/o baja de equipo de comunicación,703.07,Deudora
cod_sat_1015,cod_sat_136,703.08,"Pérdida en venta y/o baja de activos biológicos, vegetales y semovientes",703.08,Deudora
cod_sat_1016,cod_sat_136,703.09,Pérdida en venta y/o baja de otros activos fijos,703.09,Deudora
cod_sat_1017,cod_sat_136,703.10,Pérdida en venta y/o baja de ferrocarriles,703.1,Deudora
cod_sat_1018,cod_sat_136,703.11,Pérdida en venta y/o baja de embarcaciones,703.11,Deudora
cod_sat_1019,cod_sat_136,703.12,Pérdida en venta y/o baja de aviones,703.12,Deudora
cod_sat_1020,cod_sat_136,703.13,"Pérdida en venta y/o baja de troqueles, moldes, matrices y herramental",703.13,Deudora
cod_sat_1021,cod_sat_136,703.14,Pérdida en venta y/o baja de equipo de comunicaciones telefónicas,703.14,Deudora
cod_sat_1022,cod_sat_136,703.15,Pérdida en venta y/o baja de equipo de comunicación satelital,703.15,Deudora
cod_sat_1023,cod_sat_136,703.16,Pérdida en venta y/o baja de equipo de adaptaciones para personas con capacidades diferentes,703.16,Deudora
cod_sat_1024,cod_sat_136,703.17,Pérdida en venta y/o baja de maquinaria y equipo de generación de energía de fuentes renovables o de sistemas de cogeneración de electricidad eficiente,703.17,Deudora
cod_sat_1025,cod_sat_136,703.18,Pérdida en venta y/o baja de otra maquinaria y equipo,703.18,Deudora
cod_sat_1026,cod_sat_136,703.19,Pérdida por enajenación de acciones,703.19,Deudora
cod_sat_1027,cod_sat_136,703.20,Pérdida por enajenación de partes sociales,703.2,Deudora
cod_sat_1028,cod_sat_136,703.21,Otros gastos,703.21,Deudora
cod_sat_1029,cod_sat_137,704.01,Ganancia en venta y/o baja de terrenos,704.01,Deudora
cod_sat_1030,cod_sat_137,704.02,Ganancia en venta y/o baja de edificios,704.02,Deudora
cod_sat_1031,cod_sat_137,704.03,Ganancia en venta y/o baja de maquinaria y equipo,704.03,Deudora
cod_sat_1032,cod_sat_137,704.04,"Ganancia en venta y/o baja de automóviles, autobuses, camiones de carga, tractocamiones, montacargas y remolques",704.04,Deudora
cod_sat_1033,cod_sat_137,704.05,Ganancia en venta y/o baja de mobiliario y equipo de oficina,704.05,Deudora
cod_sat_1034,cod_sat_137,704.06,Ganancia en venta y/o baja de equipo de cómputo,704.06,Deudora
cod_sat_1035,cod_sat_137,704.07,Ganancia en venta y/o baja de equipo de comunicación,704.07,Deudora
cod_sat_1036,cod_sat_137,704.08,"Ganancia en venta y/o baja de activos biológicos, vegetales y semovientes",704.08,Deudora
cod_sat_1037,cod_sat_137,704.09,Ganancia en venta y/o baja de otros activos fijos,704.09,Deudora
cod_sat_1038,cod_sat_137,704.10,Ganancia en venta y/o baja de ferrocarriles,704.1,Deudora
cod_sat_1039,cod_sat_137,704.11,Ganancia en venta y/o baja de embarcaciones,704.11,Deudora
cod_sat_1040,cod_sat_137,704.12,Ganancia en venta y/o baja de aviones,704.12,Deudora
cod_sat_1041,cod_sat_137,704.13,"Ganancia en venta y/o baja de troqueles, moldes, matrices y herramental",704.13,Deudora
cod_sat_1042,cod_sat_137,704.14,Ganancia en venta y/o baja de equipo de comunicaciones telefónicas,704.14,Deudora
cod_sat_1043,cod_sat_137,704.15,Ganancia en venta y/o baja de equipo de comunicación satelital,704.15,Deudora
cod_sat_1044,cod_sat_137,704.16,Ganancia en venta y/o baja de equipo de adaptaciones para personas con capacidades diferentes,704.16,Deudora
cod_sat_1045,cod_sat_137,704.17,Ganancia en venta de maquinaria y equipo de generación de energía de fuentes renovables o de sistemas de cogeneración de electricidad eficiente,704.17,Deudora
cod_sat_1046,cod_sat_137,704.18,Ganancia en venta y/o baja de otra maquinaria y equipo,704.18,Deudora
cod_sat_1047,cod_sat_137,704.19,Ganancia por enajenación de acciones,704.19,Deudora
cod_sat_1048,cod_sat_137,704.20,Ganancia por enajenación de partes sociales,704.2,Deudora
cod_sat_1049,cod_sat_137,704.21,Ingresos por estímulos fiscales,704.21,Deudora
cod_sat_1050,cod_sat_137,704.22,Ingresos por condonación de adeudo,704.22,Deudora
cod_sat_1051,cod_sat_137,704.23,Otros productos,704.23,Deudora
cod_sat_1052,cod_sat_139,801.01,UFIN,801.01,Deudora
cod_sat_1053,cod_sat_139,801.02,Contra cuenta UFIN,801.02,Deudora
cod_sat_1054,cod_sat_140,802.01,CUFIN,802.01,Deudora
cod_sat_1055,cod_sat_140,802.02,Contra cuenta CUFIN,802.02,Deudora
cod_sat_1056,cod_sat_141,803.01,CUFIN de ejercicios anteriores,803.01,Deudora
cod_sat_1057,cod_sat_141,803.02,Contra cuenta CUFIN de ejercicios anteriores,803.02,Deudora
cod_sat_1058,cod_sat_142,804.01,CUFINRE,804.01,Deudora
cod_sat_1059,cod_sat_142,804.02,Contra cuenta CUFINRE,804.02,Deudora
cod_sat_1060,cod_sat_143,805.01,CUFINRE de ejercicios anteriores,805.01,Deudora
cod_sat_1061,cod_sat_143,805.02,Contra cuenta CUFINRE de ejercicios anteriores,805.02,Deudora
cod_sat_1062,cod_sat_144,806.01,CUCA,806.01,Deudora
cod_sat_1063,cod_sat_144,806.02,Contra cuenta CUCA,806.02,Deudora
cod_sat_1064,cod_sat_145,807.01,CUCA de ejercicios anteriores,807.01,Deudora
cod_sat_1065,cod_sat_145,807.02,Contra cuenta CUCA de ejercicios anteriores,807.02,Deudora
cod_sat_1066,cod_sat_146,808.01,Ajuste anual por inflación acumulable,808.01,Deudora
cod_sat_1067,cod_sat_146,808.02,Acumulación del ajuste anual inflacionario,808.02,Deudora
cod_sat_1068,cod_sat_147,809.01,Ajuste anual por inflación deducible,809.01,Deudora
cod_sat_1069,cod_sat_147,809.02,Deducción del ajuste anual inflacionario,809.02,Deudora
cod_sat_1070,cod_sat_148,810.01,Deducción de inversión,810.01,Deudora
cod_sat_1071,cod_sat_148,810.02,Contra cuenta deducción de inversiones,810.02,Deudora
cod_sat_1072,cod_sat_149,811.01,Utilidad o pérdida fiscal en venta y/o baja de activo fijo,811.01,Deudora
cod_sat_1073,cod_sat_149,811.02,Contra cuenta utilidad o pérdida fiscal en venta y/o baja de activo fijo,811.02,Deudora
cod_sat_1074,cod_sat_150,812.01,Utilidad o pérdida fiscal en venta acciones o partes sociales,812.01,Deudora
cod_sat_1075,cod_sat_150,812.02,Contra cuenta utilidad o pérdida fiscal en venta acciones o partes sociales,812.02,Deudora
cod_sat_1076,cod_sat_151,813.01,Pérdidas fiscales pendientes de amortizar actualizadas de ejercicios anteriores,813.01,Deudora
cod_sat_1077,cod_sat_151,813.02,Actualización de pérdidas fiscales pendientes de amortizar de ejercicios anteriores,813.02,Deudora
cod_sat_1078,cod_sat_152,814.01,Mercancías recibidas en consignación,814.01,Deudora
cod_sat_1079,cod_sat_152,814.02,Consignación de mercancías recibidas,814.02,Deudora
cod_sat_1080,cod_sat_153,815.01,Crédito fiscal de IVA e IEPS por la importación de mercancías,815.01,Deudora
cod_sat_1081,cod_sat_153,815.02,Importación de mercancías con aplicación de crédito fiscal de IVA e IEPS,815.02,Deudora
cod_sat_1082,cod_sat_154,816.01,Crédito fiscal de IVA e IEPS por la importación de activo fijo,816.01,Deudora
cod_sat_1083,cod_sat_154,816.02,Importación de activo fijo con aplicación de crédito fiscal de IVA e IEPS,816.02,Deudora
cod_sat_1084,cod_sat_155,899.01,Otras cuentas de orden,899.01,Deudora
cod_sat_1085,cod_sat_155,899.02,Contra cuenta otras cuentas de orden,899.02,Deudora
